make[1]: Entering directory '/home/mazunki/uio.git/IN5020/ass3'
jar cfe target/solution.jar com.ass3.Simulator -C target/classes .
java -jar target/solution.jar 10 10
........printing ring..............
Node 1 --- Node 7 --- Node 8 --- Node 6 --- Node 5 --- Node 9 --- Node 4 --- Node 10 --- Node 3 --- Node 2 --- Node 1
.....................................
..............Printing network topology..............
Node : Node 1	Index: 333	Neighbors: Node 7		FingerTable{
  Finger{start=334, interval=(334,334), node=Node 7(id=480)}
  Finger{start=335, interval=(335,336), node=Node 7(id=480)}
  Finger{start=337, interval=(337,340), node=Node 7(id=480)}
  Finger{start=341, interval=(341,348), node=Node 7(id=480)}
  Finger{start=349, interval=(349,364), node=Node 7(id=480)}
  Finger{start=365, interval=(365,396), node=Node 7(id=480)}
  Finger{start=397, interval=(397,460), node=Node 7(id=480)}
  Finger{start=461, interval=(461,588), node=Node 7(id=480)}
  Finger{start=589, interval=(589,844), node=Node 8(id=601)}
  Finger{start=845, interval=(845,333), node=Node 5(id=865)}
}
Data : []
Node : Node 2	Index: 266	Neighbors: Node 1		FingerTable{
  Finger{start=267, interval=(267,267), node=Node 1(id=333)}
  Finger{start=268, interval=(268,269), node=Node 1(id=333)}
  Finger{start=270, interval=(270,273), node=Node 1(id=333)}
  Finger{start=274, interval=(274,281), node=Node 1(id=333)}
  Finger{start=282, interval=(282,297), node=Node 1(id=333)}
  Finger{start=298, interval=(298,329), node=Node 1(id=333)}
  Finger{start=330, interval=(330,393), node=Node 1(id=333)}
  Finger{start=394, interval=(394,521), node=Node 7(id=480)}
  Finger{start=522, interval=(522,777), node=Node 8(id=601)}
  Finger{start=778, interval=(778,266), node=Node 5(id=865)}
}
Data : [144]
Node : Node 3	Index: 139	Neighbors: Node 2		FingerTable{
  Finger{start=140, interval=(140,140), node=Node 2(id=266)}
  Finger{start=141, interval=(141,142), node=Node 2(id=266)}
  Finger{start=143, interval=(143,146), node=Node 2(id=266)}
  Finger{start=147, interval=(147,154), node=Node 2(id=266)}
  Finger{start=155, interval=(155,170), node=Node 2(id=266)}
  Finger{start=171, interval=(171,202), node=Node 2(id=266)}
  Finger{start=203, interval=(203,266), node=Node 2(id=266)}
  Finger{start=267, interval=(267,394), node=Node 1(id=333)}
  Finger{start=395, interval=(395,650), node=Node 7(id=480)}
  Finger{start=651, interval=(651,139), node=Node 6(id=666)}
}
Data : []
Node : Node 4	Index: 105	Neighbors: Node 10		FingerTable{
  Finger{start=106, interval=(106,106), node=Node 10(id=131)}
  Finger{start=107, interval=(107,108), node=Node 10(id=131)}
  Finger{start=109, interval=(109,112), node=Node 10(id=131)}
  Finger{start=113, interval=(113,120), node=Node 10(id=131)}
  Finger{start=121, interval=(121,136), node=Node 10(id=131)}
  Finger{start=137, interval=(137,168), node=Node 3(id=139)}
  Finger{start=169, interval=(169,232), node=Node 2(id=266)}
  Finger{start=233, interval=(233,360), node=Node 2(id=266)}
  Finger{start=361, interval=(361,616), node=Node 7(id=480)}
  Finger{start=617, interval=(617,105), node=Node 6(id=666)}
}
Data : []
Node : Node 5	Index: 865	Neighbors: Node 9		FingerTable{
  Finger{start=866, interval=(866,866), node=Node 9(id=1006)}
  Finger{start=867, interval=(867,868), node=Node 9(id=1006)}
  Finger{start=869, interval=(869,872), node=Node 9(id=1006)}
  Finger{start=873, interval=(873,880), node=Node 9(id=1006)}
  Finger{start=881, interval=(881,896), node=Node 9(id=1006)}
  Finger{start=897, interval=(897,928), node=Node 9(id=1006)}
  Finger{start=929, interval=(929,992), node=Node 9(id=1006)}
  Finger{start=993, interval=(993,96), node=Node 9(id=1006)}
  Finger{start=97, interval=(97,352), node=Node 4(id=105)}
  Finger{start=353, interval=(353,865), node=Node 7(id=480)}
}
Data : [669]
Node : Node 6	Index: 666	Neighbors: Node 5		FingerTable{
  Finger{start=667, interval=(667,667), node=Node 5(id=865)}
  Finger{start=668, interval=(668,669), node=Node 5(id=865)}
  Finger{start=670, interval=(670,673), node=Node 5(id=865)}
  Finger{start=674, interval=(674,681), node=Node 5(id=865)}
  Finger{start=682, interval=(682,697), node=Node 5(id=865)}
  Finger{start=698, interval=(698,729), node=Node 5(id=865)}
  Finger{start=730, interval=(730,793), node=Node 5(id=865)}
  Finger{start=794, interval=(794,921), node=Node 5(id=865)}
  Finger{start=922, interval=(922,153), node=Node 9(id=1006)}
  Finger{start=154, interval=(154,666), node=Node 2(id=266)}
}
Data : []
Node : Node 7	Index: 480	Neighbors: Node 8		FingerTable{
  Finger{start=481, interval=(481,481), node=Node 8(id=601)}
  Finger{start=482, interval=(482,483), node=Node 8(id=601)}
  Finger{start=484, interval=(484,487), node=Node 8(id=601)}
  Finger{start=488, interval=(488,495), node=Node 8(id=601)}
  Finger{start=496, interval=(496,511), node=Node 8(id=601)}
  Finger{start=512, interval=(512,543), node=Node 8(id=601)}
  Finger{start=544, interval=(544,607), node=Node 8(id=601)}
  Finger{start=608, interval=(608,735), node=Node 6(id=666)}
  Finger{start=736, interval=(736,991), node=Node 5(id=865)}
  Finger{start=992, interval=(992,480), node=Node 9(id=1006)}
}
Data : [382]
Node : Node 8	Index: 601	Neighbors: Node 6		FingerTable{
  Finger{start=602, interval=(602,602), node=Node 6(id=666)}
  Finger{start=603, interval=(603,604), node=Node 6(id=666)}
  Finger{start=605, interval=(605,608), node=Node 6(id=666)}
  Finger{start=609, interval=(609,616), node=Node 6(id=666)}
  Finger{start=617, interval=(617,632), node=Node 6(id=666)}
  Finger{start=633, interval=(633,664), node=Node 6(id=666)}
  Finger{start=665, interval=(665,728), node=Node 6(id=666)}
  Finger{start=729, interval=(729,856), node=Node 5(id=865)}
  Finger{start=857, interval=(857,88), node=Node 5(id=865)}
  Finger{start=89, interval=(89,601), node=Node 4(id=105)}
}
Data : [489]
Node : Node 9	Index: 1006	Neighbors: Node 4		FingerTable{
  Finger{start=1007, interval=(1007,1007), node=Node 4(id=105)}
  Finger{start=1008, interval=(1008,1009), node=Node 4(id=105)}
  Finger{start=1010, interval=(1010,1013), node=Node 4(id=105)}
  Finger{start=1014, interval=(1014,1021), node=Node 4(id=105)}
  Finger{start=1022, interval=(1022,13), node=Node 4(id=105)}
  Finger{start=14, interval=(14,45), node=Node 4(id=105)}
  Finger{start=46, interval=(46,109), node=Node 4(id=105)}
  Finger{start=110, interval=(110,237), node=Node 10(id=131)}
  Finger{start=238, interval=(238,493), node=Node 2(id=266)}
  Finger{start=494, interval=(494,1006), node=Node 8(id=601)}
}
Data : [932]
Node : Node 10	Index: 131	Neighbors: Node 3		FingerTable{
  Finger{start=132, interval=(132,132), node=Node 3(id=139)}
  Finger{start=133, interval=(133,134), node=Node 3(id=139)}
  Finger{start=135, interval=(135,138), node=Node 3(id=139)}
  Finger{start=139, interval=(139,146), node=Node 3(id=139)}
  Finger{start=147, interval=(147,162), node=Node 2(id=266)}
  Finger{start=163, interval=(163,194), node=Node 2(id=266)}
  Finger{start=195, interval=(195,258), node=Node 2(id=266)}
  Finger{start=259, interval=(259,386), node=Node 2(id=266)}
  Finger{start=387, interval=(387,642), node=Node 7(id=480)}
  Finger{start=643, interval=(643,131), node=Node 6(id=666)}
}
Data : []
......................................................
hops: 2; node_index: 1006; node_name: Node 9; peers: (Node 1), (Node 5)
✅ lookup successful for key 1
hops: 4; node_index: 266; node_name: Node 2; peers: (Node 1), (Node 5), (Node 4), (Node 3)
✅ lookup successful for key 2
hops: 1; node_index: 480; node_name: Node 7; peers: (Node 1)
✅ lookup successful for key 3
hops: 3; node_index: 865; node_name: Node 5; peers: (Node 1), (Node 8), (Node 6)
✅ lookup successful for key 4
hops: 2; node_index: 601; node_name: Node 8; peers: (Node 1), (Node 7)
✅ lookup successful for key 5
summary:
  ok = 5/5
  wrong = 0/5
average hop count = 2.00
make run NODE_COUNT=100 BIT_LENGTH=20
make[2]: Entering directory '/home/mazunki/uio.git/IN5020/ass3'
jar cfe target/solution.jar com.ass3.Simulator -C target/classes .
java -jar target/solution.jar 100 20
........printing ring..............
Node 1 --- Node 14 --- Node 56 --- Node 81 --- Node 18 --- Node 77 --- Node 23 --- Node 90 --- Node 34 --- Node 74 --- Node 41 --- Node 32 --- Node 83 --- Node 2 --- Node 61 --- Node 80 --- Node 57 --- Node 53 --- Node 9 --- Node 62 --- Node 15 --- Node 47 --- Node 33 --- Node 66 --- Node 60 --- Node 86 --- Node 24 --- Node 93 --- Node 94 --- Node 51 --- Node 72 --- Node 64 --- Node 92 --- Node 87 --- Node 76 --- Node 37 --- Node 75 --- Node 28 --- Node 27 --- Node 82 --- Node 78 --- Node 99 --- Node 8 --- Node 31 --- Node 73 --- Node 5 --- Node 71 --- Node 29 --- Node 59 --- Node 10 --- Node 84 --- Node 45 --- Node 42 --- Node 48 --- Node 58 --- Node 25 --- Node 88 --- Node 50 --- Node 85 --- Node 6 --- Node 96 --- Node 91 --- Node 11 --- Node 100 --- Node 68 --- Node 44 --- Node 54 --- Node 49 --- Node 7 --- Node 19 --- Node 16 --- Node 65 --- Node 70 --- Node 69 --- Node 40 --- Node 12 --- Node 21 --- Node 39 --- Node 35 --- Node 26 --- Node 95 --- Node 30 --- Node 38 --- Node 55 --- Node 52 --- Node 89 --- Node 67 --- Node 79 --- Node 63 --- Node 13 --- Node 98 --- Node 97 --- Node 17 --- Node 22 --- Node 20 --- Node 4 --- Node 3 --- Node 46 --- Node 43 --- Node 36 --- Node 1
.....................................
..............Printing network topology..............
Node : Node 1	Index: 193869	Neighbors: Node 14		FingerTable{
  Finger{start=193870, interval=(193870,193870), node=Node 14(id=198567)}
  Finger{start=193871, interval=(193871,193872), node=Node 14(id=198567)}
  Finger{start=193873, interval=(193873,193876), node=Node 14(id=198567)}
  Finger{start=193877, interval=(193877,193884), node=Node 14(id=198567)}
  Finger{start=193885, interval=(193885,193900), node=Node 14(id=198567)}
  Finger{start=193901, interval=(193901,193932), node=Node 14(id=198567)}
  Finger{start=193933, interval=(193933,193996), node=Node 14(id=198567)}
  Finger{start=193997, interval=(193997,194124), node=Node 14(id=198567)}
  Finger{start=194125, interval=(194125,194380), node=Node 14(id=198567)}
  Finger{start=194381, interval=(194381,194892), node=Node 14(id=198567)}
  Finger{start=194893, interval=(194893,195916), node=Node 14(id=198567)}
  Finger{start=195917, interval=(195917,197964), node=Node 14(id=198567)}
  Finger{start=197965, interval=(197965,202060), node=Node 14(id=198567)}
  Finger{start=202061, interval=(202061,210252), node=Node 56(id=226725)}
  Finger{start=210253, interval=(210253,226636), node=Node 56(id=226725)}
  Finger{start=226637, interval=(226637,259404), node=Node 56(id=226725)}
  Finger{start=259405, interval=(259405,324940), node=Node 77(id=296316)}
  Finger{start=324941, interval=(324941,456012), node=Node 32(id=343290)}
  Finger{start=456013, interval=(456013,718156), node=Node 47(id=469295)}
  Finger{start=718157, interval=(718157,193869), node=Node 73(id=731283)}
}
Data : []
Node : Node 2	Index: 358666	Neighbors: Node 61		FingerTable{
  Finger{start=358667, interval=(358667,358667), node=Node 61(id=368725)}
  Finger{start=358668, interval=(358668,358669), node=Node 61(id=368725)}
  Finger{start=358670, interval=(358670,358673), node=Node 61(id=368725)}
  Finger{start=358674, interval=(358674,358681), node=Node 61(id=368725)}
  Finger{start=358682, interval=(358682,358697), node=Node 61(id=368725)}
  Finger{start=358698, interval=(358698,358729), node=Node 61(id=368725)}
  Finger{start=358730, interval=(358730,358793), node=Node 61(id=368725)}
  Finger{start=358794, interval=(358794,358921), node=Node 61(id=368725)}
  Finger{start=358922, interval=(358922,359177), node=Node 61(id=368725)}
  Finger{start=359178, interval=(359178,359689), node=Node 61(id=368725)}
  Finger{start=359690, interval=(359690,360713), node=Node 61(id=368725)}
  Finger{start=360714, interval=(360714,362761), node=Node 61(id=368725)}
  Finger{start=362762, interval=(362762,366857), node=Node 61(id=368725)}
  Finger{start=366858, interval=(366858,375049), node=Node 61(id=368725)}
  Finger{start=375050, interval=(375050,391433), node=Node 57(id=397671)}
  Finger{start=391434, interval=(391434,424201), node=Node 57(id=397671)}
  Finger{start=424202, interval=(424202,489737), node=Node 15(id=443061)}
  Finger{start=489738, interval=(489738,620809), node=Node 60(id=512419)}
  Finger{start=620810, interval=(620810,882953), node=Node 92(id=624893)}
  Finger{start=882954, interval=(882954,358666), node=Node 6(id=884378)}
}
Data : [358514, 346853, 350813]
Node : Node 3	Index: 182411	Neighbors: Node 46		FingerTable{
  Finger{start=182412, interval=(182412,182412), node=Node 46(id=182819)}
  Finger{start=182413, interval=(182413,182414), node=Node 46(id=182819)}
  Finger{start=182415, interval=(182415,182418), node=Node 46(id=182819)}
  Finger{start=182419, interval=(182419,182426), node=Node 46(id=182819)}
  Finger{start=182427, interval=(182427,182442), node=Node 46(id=182819)}
  Finger{start=182443, interval=(182443,182474), node=Node 46(id=182819)}
  Finger{start=182475, interval=(182475,182538), node=Node 46(id=182819)}
  Finger{start=182539, interval=(182539,182666), node=Node 46(id=182819)}
  Finger{start=182667, interval=(182667,182922), node=Node 46(id=182819)}
  Finger{start=182923, interval=(182923,183434), node=Node 43(id=183731)}
  Finger{start=183435, interval=(183435,184458), node=Node 43(id=183731)}
  Finger{start=184459, interval=(184459,186506), node=Node 36(id=189366)}
  Finger{start=186507, interval=(186507,190602), node=Node 36(id=189366)}
  Finger{start=190603, interval=(190603,198794), node=Node 1(id=193869)}
  Finger{start=198795, interval=(198795,215178), node=Node 56(id=226725)}
  Finger{start=215179, interval=(215179,247946), node=Node 56(id=226725)}
  Finger{start=247947, interval=(247947,313482), node=Node 77(id=296316)}
  Finger{start=313483, interval=(313483,444554), node=Node 74(id=315708)}
  Finger{start=444555, interval=(444555,706698), node=Node 47(id=469295)}
  Finger{start=706699, interval=(706699,182411), node=Node 8(id=709209)}
}
Data : [180449, 179822, 174916, 169322]
Node : Node 4	Index: 167017	Neighbors: Node 3		FingerTable{
  Finger{start=167018, interval=(167018,167018), node=Node 3(id=182411)}
  Finger{start=167019, interval=(167019,167020), node=Node 3(id=182411)}
  Finger{start=167021, interval=(167021,167024), node=Node 3(id=182411)}
  Finger{start=167025, interval=(167025,167032), node=Node 3(id=182411)}
  Finger{start=167033, interval=(167033,167048), node=Node 3(id=182411)}
  Finger{start=167049, interval=(167049,167080), node=Node 3(id=182411)}
  Finger{start=167081, interval=(167081,167144), node=Node 3(id=182411)}
  Finger{start=167145, interval=(167145,167272), node=Node 3(id=182411)}
  Finger{start=167273, interval=(167273,167528), node=Node 3(id=182411)}
  Finger{start=167529, interval=(167529,168040), node=Node 3(id=182411)}
  Finger{start=168041, interval=(168041,169064), node=Node 3(id=182411)}
  Finger{start=169065, interval=(169065,171112), node=Node 3(id=182411)}
  Finger{start=171113, interval=(171113,175208), node=Node 3(id=182411)}
  Finger{start=175209, interval=(175209,183400), node=Node 3(id=182411)}
  Finger{start=183401, interval=(183401,199784), node=Node 43(id=183731)}
  Finger{start=199785, interval=(199785,232552), node=Node 56(id=226725)}
  Finger{start=232553, interval=(232553,298088), node=Node 81(id=242682)}
  Finger{start=298089, interval=(298089,429160), node=Node 23(id=302219)}
  Finger{start=429161, interval=(429161,691304), node=Node 15(id=443061)}
  Finger{start=691305, interval=(691305,167017), node=Node 99(id=701252)}
}
Data : []
Node : Node 5	Index: 743265	Neighbors: Node 71		FingerTable{
  Finger{start=743266, interval=(743266,743266), node=Node 71(id=754233)}
  Finger{start=743267, interval=(743267,743268), node=Node 71(id=754233)}
  Finger{start=743269, interval=(743269,743272), node=Node 71(id=754233)}
  Finger{start=743273, interval=(743273,743280), node=Node 71(id=754233)}
  Finger{start=743281, interval=(743281,743296), node=Node 71(id=754233)}
  Finger{start=743297, interval=(743297,743328), node=Node 71(id=754233)}
  Finger{start=743329, interval=(743329,743392), node=Node 71(id=754233)}
  Finger{start=743393, interval=(743393,743520), node=Node 71(id=754233)}
  Finger{start=743521, interval=(743521,743776), node=Node 71(id=754233)}
  Finger{start=743777, interval=(743777,744288), node=Node 71(id=754233)}
  Finger{start=744289, interval=(744289,745312), node=Node 71(id=754233)}
  Finger{start=745313, interval=(745313,747360), node=Node 71(id=754233)}
  Finger{start=747361, interval=(747361,751456), node=Node 71(id=754233)}
  Finger{start=751457, interval=(751457,759648), node=Node 71(id=754233)}
  Finger{start=759649, interval=(759649,776032), node=Node 59(id=787911)}
  Finger{start=776033, interval=(776033,808800), node=Node 59(id=787911)}
  Finger{start=808801, interval=(808801,874336), node=Node 42(id=822044)}
  Finger{start=874337, interval=(874337,1005408), node=Node 85(id=878925)}
  Finger{start=1005409, interval=(1005409,218976), node=Node 44(id=1008270)}
  Finger{start=218977, interval=(218977,743265), node=Node 56(id=226725)}
}
Data : [735246, 743208]
Node : Node 6	Index: 884378	Neighbors: Node 96		FingerTable{
  Finger{start=884379, interval=(884379,884379), node=Node 96(id=905813)}
  Finger{start=884380, interval=(884380,884381), node=Node 96(id=905813)}
  Finger{start=884382, interval=(884382,884385), node=Node 96(id=905813)}
  Finger{start=884386, interval=(884386,884393), node=Node 96(id=905813)}
  Finger{start=884394, interval=(884394,884409), node=Node 96(id=905813)}
  Finger{start=884410, interval=(884410,884441), node=Node 96(id=905813)}
  Finger{start=884442, interval=(884442,884505), node=Node 96(id=905813)}
  Finger{start=884506, interval=(884506,884633), node=Node 96(id=905813)}
  Finger{start=884634, interval=(884634,884889), node=Node 96(id=905813)}
  Finger{start=884890, interval=(884890,885401), node=Node 96(id=905813)}
  Finger{start=885402, interval=(885402,886425), node=Node 96(id=905813)}
  Finger{start=886426, interval=(886426,888473), node=Node 96(id=905813)}
  Finger{start=888474, interval=(888474,892569), node=Node 96(id=905813)}
  Finger{start=892570, interval=(892570,900761), node=Node 96(id=905813)}
  Finger{start=900762, interval=(900762,917145), node=Node 96(id=905813)}
  Finger{start=917146, interval=(917146,949913), node=Node 91(id=917272)}
  Finger{start=949914, interval=(949914,1015449), node=Node 100(id=972944)}
  Finger{start=1015450, interval=(1015450,97945), node=Node 54(id=1028532)}
  Finger{start=97946, interval=(97946,360089), node=Node 63(id=104059)}
  Finger{start=360090, interval=(360090,884378), node=Node 61(id=368725)}
}
Data : []
Node : Node 7	Index: 1037792	Neighbors: Node 19		FingerTable{
  Finger{start=1037793, interval=(1037793,1037793), node=Node 19(id=1041618)}
  Finger{start=1037794, interval=(1037794,1037795), node=Node 19(id=1041618)}
  Finger{start=1037796, interval=(1037796,1037799), node=Node 19(id=1041618)}
  Finger{start=1037800, interval=(1037800,1037807), node=Node 19(id=1041618)}
  Finger{start=1037808, interval=(1037808,1037823), node=Node 19(id=1041618)}
  Finger{start=1037824, interval=(1037824,1037855), node=Node 19(id=1041618)}
  Finger{start=1037856, interval=(1037856,1037919), node=Node 19(id=1041618)}
  Finger{start=1037920, interval=(1037920,1038047), node=Node 19(id=1041618)}
  Finger{start=1038048, interval=(1038048,1038303), node=Node 19(id=1041618)}
  Finger{start=1038304, interval=(1038304,1038815), node=Node 19(id=1041618)}
  Finger{start=1038816, interval=(1038816,1039839), node=Node 19(id=1041618)}
  Finger{start=1039840, interval=(1039840,1041887), node=Node 19(id=1041618)}
  Finger{start=1041888, interval=(1041888,1045983), node=Node 16(id=1047135)}
  Finger{start=1045984, interval=(1045984,5599), node=Node 16(id=1047135)}
  Finger{start=5600, interval=(5600,21983), node=Node 70(id=10848)}
  Finger{start=21984, interval=(21984,54751), node=Node 69(id=32742)}
  Finger{start=54752, interval=(54752,120287), node=Node 30(id=56133)}
  Finger{start=120288, interval=(120288,251359), node=Node 98(id=121042)}
  Finger{start=251360, interval=(251360,513503), node=Node 77(id=296316)}
  Finger{start=513504, interval=(513504,1037792), node=Node 86(id=519537)}
}
Data : [1034189]
Node : Node 8	Index: 709209	Neighbors: Node 31		FingerTable{
  Finger{start=709210, interval=(709210,709210), node=Node 31(id=713475)}
  Finger{start=709211, interval=(709211,709212), node=Node 31(id=713475)}
  Finger{start=709213, interval=(709213,709216), node=Node 31(id=713475)}
  Finger{start=709217, interval=(709217,709224), node=Node 31(id=713475)}
  Finger{start=709225, interval=(709225,709240), node=Node 31(id=713475)}
  Finger{start=709241, interval=(709241,709272), node=Node 31(id=713475)}
  Finger{start=709273, interval=(709273,709336), node=Node 31(id=713475)}
  Finger{start=709337, interval=(709337,709464), node=Node 31(id=713475)}
  Finger{start=709465, interval=(709465,709720), node=Node 31(id=713475)}
  Finger{start=709721, interval=(709721,710232), node=Node 31(id=713475)}
  Finger{start=710233, interval=(710233,711256), node=Node 31(id=713475)}
  Finger{start=711257, interval=(711257,713304), node=Node 31(id=713475)}
  Finger{start=713305, interval=(713305,717400), node=Node 31(id=713475)}
  Finger{start=717401, interval=(717401,725592), node=Node 73(id=731283)}
  Finger{start=725593, interval=(725593,741976), node=Node 73(id=731283)}
  Finger{start=741977, interval=(741977,774744), node=Node 5(id=743265)}
  Finger{start=774745, interval=(774745,840280), node=Node 59(id=787911)}
  Finger{start=840281, interval=(840281,971352), node=Node 25(id=841502)}
  Finger{start=971353, interval=(971353,184920), node=Node 100(id=972944)}
  Finger{start=184921, interval=(184921,709209), node=Node 36(id=189366)}
}
Data : [706375]
Node : Node 9	Index: 417774	Neighbors: Node 62		FingerTable{
  Finger{start=417775, interval=(417775,417775), node=Node 62(id=417802)}
  Finger{start=417776, interval=(417776,417777), node=Node 62(id=417802)}
  Finger{start=417778, interval=(417778,417781), node=Node 62(id=417802)}
  Finger{start=417782, interval=(417782,417789), node=Node 62(id=417802)}
  Finger{start=417790, interval=(417790,417805), node=Node 62(id=417802)}
  Finger{start=417806, interval=(417806,417837), node=Node 15(id=443061)}
  Finger{start=417838, interval=(417838,417901), node=Node 15(id=443061)}
  Finger{start=417902, interval=(417902,418029), node=Node 15(id=443061)}
  Finger{start=418030, interval=(418030,418285), node=Node 15(id=443061)}
  Finger{start=418286, interval=(418286,418797), node=Node 15(id=443061)}
  Finger{start=418798, interval=(418798,419821), node=Node 15(id=443061)}
  Finger{start=419822, interval=(419822,421869), node=Node 15(id=443061)}
  Finger{start=421870, interval=(421870,425965), node=Node 15(id=443061)}
  Finger{start=425966, interval=(425966,434157), node=Node 15(id=443061)}
  Finger{start=434158, interval=(434158,450541), node=Node 15(id=443061)}
  Finger{start=450542, interval=(450542,483309), node=Node 47(id=469295)}
  Finger{start=483310, interval=(483310,548845), node=Node 33(id=487976)}
  Finger{start=548846, interval=(548846,679917), node=Node 94(id=562497)}
  Finger{start=679918, interval=(679918,942061), node=Node 99(id=701252)}
  Finger{start=942062, interval=(942062,417774), node=Node 100(id=972944)}
}
Data : [412137, 401240, 416739, 414298, 412480, 414504]
Node : Node 10	Index: 789635	Neighbors: Node 84		FingerTable{
  Finger{start=789636, interval=(789636,789636), node=Node 84(id=800933)}
  Finger{start=789637, interval=(789637,789638), node=Node 84(id=800933)}
  Finger{start=789639, interval=(789639,789642), node=Node 84(id=800933)}
  Finger{start=789643, interval=(789643,789650), node=Node 84(id=800933)}
  Finger{start=789651, interval=(789651,789666), node=Node 84(id=800933)}
  Finger{start=789667, interval=(789667,789698), node=Node 84(id=800933)}
  Finger{start=789699, interval=(789699,789762), node=Node 84(id=800933)}
  Finger{start=789763, interval=(789763,789890), node=Node 84(id=800933)}
  Finger{start=789891, interval=(789891,790146), node=Node 84(id=800933)}
  Finger{start=790147, interval=(790147,790658), node=Node 84(id=800933)}
  Finger{start=790659, interval=(790659,791682), node=Node 84(id=800933)}
  Finger{start=791683, interval=(791683,793730), node=Node 84(id=800933)}
  Finger{start=793731, interval=(793731,797826), node=Node 84(id=800933)}
  Finger{start=797827, interval=(797827,806018), node=Node 84(id=800933)}
  Finger{start=806019, interval=(806019,822402), node=Node 42(id=822044)}
  Finger{start=822403, interval=(822403,855170), node=Node 48(id=827080)}
  Finger{start=855171, interval=(855171,920706), node=Node 50(id=867657)}
  Finger{start=920707, interval=(920707,3202), node=Node 11(id=932868)}
  Finger{start=3203, interval=(3203,265346), node=Node 70(id=10848)}
  Finger{start=265347, interval=(265347,789635), node=Node 77(id=296316)}
}
Data : []
Node : Node 11	Index: 932868	Neighbors: Node 100		FingerTable{
  Finger{start=932869, interval=(932869,932869), node=Node 100(id=972944)}
  Finger{start=932870, interval=(932870,932871), node=Node 100(id=972944)}
  Finger{start=932872, interval=(932872,932875), node=Node 100(id=972944)}
  Finger{start=932876, interval=(932876,932883), node=Node 100(id=972944)}
  Finger{start=932884, interval=(932884,932899), node=Node 100(id=972944)}
  Finger{start=932900, interval=(932900,932931), node=Node 100(id=972944)}
  Finger{start=932932, interval=(932932,932995), node=Node 100(id=972944)}
  Finger{start=932996, interval=(932996,933123), node=Node 100(id=972944)}
  Finger{start=933124, interval=(933124,933379), node=Node 100(id=972944)}
  Finger{start=933380, interval=(933380,933891), node=Node 100(id=972944)}
  Finger{start=933892, interval=(933892,934915), node=Node 100(id=972944)}
  Finger{start=934916, interval=(934916,936963), node=Node 100(id=972944)}
  Finger{start=936964, interval=(936964,941059), node=Node 100(id=972944)}
  Finger{start=941060, interval=(941060,949251), node=Node 100(id=972944)}
  Finger{start=949252, interval=(949252,965635), node=Node 100(id=972944)}
  Finger{start=965636, interval=(965636,998403), node=Node 100(id=972944)}
  Finger{start=998404, interval=(998404,15363), node=Node 44(id=1008270)}
  Finger{start=15364, interval=(15364,146435), node=Node 69(id=32742)}
  Finger{start=146436, interval=(146436,408579), node=Node 20(id=166765)}
  Finger{start=408580, interval=(408580,932868), node=Node 9(id=417774)}
}
Data : [922594, 917496, 920084, 932098]
Node : Node 12	Index: 36265	Neighbors: Node 21		FingerTable{
  Finger{start=36266, interval=(36266,36266), node=Node 21(id=38388)}
  Finger{start=36267, interval=(36267,36268), node=Node 21(id=38388)}
  Finger{start=36269, interval=(36269,36272), node=Node 21(id=38388)}
  Finger{start=36273, interval=(36273,36280), node=Node 21(id=38388)}
  Finger{start=36281, interval=(36281,36296), node=Node 21(id=38388)}
  Finger{start=36297, interval=(36297,36328), node=Node 21(id=38388)}
  Finger{start=36329, interval=(36329,36392), node=Node 21(id=38388)}
  Finger{start=36393, interval=(36393,36520), node=Node 21(id=38388)}
  Finger{start=36521, interval=(36521,36776), node=Node 21(id=38388)}
  Finger{start=36777, interval=(36777,37288), node=Node 21(id=38388)}
  Finger{start=37289, interval=(37289,38312), node=Node 21(id=38388)}
  Finger{start=38313, interval=(38313,40360), node=Node 21(id=38388)}
  Finger{start=40361, interval=(40361,44456), node=Node 39(id=41124)}
  Finger{start=44457, interval=(44457,52648), node=Node 26(id=49587)}
  Finger{start=52649, interval=(52649,69032), node=Node 30(id=56133)}
  Finger{start=69033, interval=(69033,101800), node=Node 52(id=78994)}
  Finger{start=101801, interval=(101801,167336), node=Node 63(id=104059)}
  Finger{start=167337, interval=(167337,298408), node=Node 3(id=182411)}
  Finger{start=298409, interval=(298409,560552), node=Node 23(id=302219)}
  Finger{start=560553, interval=(560553,36265), node=Node 94(id=562497)}
}
Data : [35347, 35703]
Node : Node 13	Index: 104463	Neighbors: Node 98		FingerTable{
  Finger{start=104464, interval=(104464,104464), node=Node 98(id=121042)}
  Finger{start=104465, interval=(104465,104466), node=Node 98(id=121042)}
  Finger{start=104467, interval=(104467,104470), node=Node 98(id=121042)}
  Finger{start=104471, interval=(104471,104478), node=Node 98(id=121042)}
  Finger{start=104479, interval=(104479,104494), node=Node 98(id=121042)}
  Finger{start=104495, interval=(104495,104526), node=Node 98(id=121042)}
  Finger{start=104527, interval=(104527,104590), node=Node 98(id=121042)}
  Finger{start=104591, interval=(104591,104718), node=Node 98(id=121042)}
  Finger{start=104719, interval=(104719,104974), node=Node 98(id=121042)}
  Finger{start=104975, interval=(104975,105486), node=Node 98(id=121042)}
  Finger{start=105487, interval=(105487,106510), node=Node 98(id=121042)}
  Finger{start=106511, interval=(106511,108558), node=Node 98(id=121042)}
  Finger{start=108559, interval=(108559,112654), node=Node 98(id=121042)}
  Finger{start=112655, interval=(112655,120846), node=Node 98(id=121042)}
  Finger{start=120847, interval=(120847,137230), node=Node 98(id=121042)}
  Finger{start=137231, interval=(137231,169998), node=Node 97(id=137743)}
  Finger{start=169999, interval=(169999,235534), node=Node 3(id=182411)}
  Finger{start=235535, interval=(235535,366606), node=Node 81(id=242682)}
  Finger{start=366607, interval=(366607,628750), node=Node 61(id=368725)}
  Finger{start=628751, interval=(628751,104463), node=Node 76(id=631439)}
}
Data : []
Node : Node 14	Index: 198567	Neighbors: Node 56		FingerTable{
  Finger{start=198568, interval=(198568,198568), node=Node 56(id=226725)}
  Finger{start=198569, interval=(198569,198570), node=Node 56(id=226725)}
  Finger{start=198571, interval=(198571,198574), node=Node 56(id=226725)}
  Finger{start=198575, interval=(198575,198582), node=Node 56(id=226725)}
  Finger{start=198583, interval=(198583,198598), node=Node 56(id=226725)}
  Finger{start=198599, interval=(198599,198630), node=Node 56(id=226725)}
  Finger{start=198631, interval=(198631,198694), node=Node 56(id=226725)}
  Finger{start=198695, interval=(198695,198822), node=Node 56(id=226725)}
  Finger{start=198823, interval=(198823,199078), node=Node 56(id=226725)}
  Finger{start=199079, interval=(199079,199590), node=Node 56(id=226725)}
  Finger{start=199591, interval=(199591,200614), node=Node 56(id=226725)}
  Finger{start=200615, interval=(200615,202662), node=Node 56(id=226725)}
  Finger{start=202663, interval=(202663,206758), node=Node 56(id=226725)}
  Finger{start=206759, interval=(206759,214950), node=Node 56(id=226725)}
  Finger{start=214951, interval=(214951,231334), node=Node 56(id=226725)}
  Finger{start=231335, interval=(231335,264102), node=Node 81(id=242682)}
  Finger{start=264103, interval=(264103,329638), node=Node 77(id=296316)}
  Finger{start=329639, interval=(329639,460710), node=Node 32(id=343290)}
  Finger{start=460711, interval=(460711,722854), node=Node 47(id=469295)}
  Finger{start=722855, interval=(722855,198567), node=Node 73(id=731283)}
}
Data : []
Node : Node 15	Index: 443061	Neighbors: Node 47		FingerTable{
  Finger{start=443062, interval=(443062,443062), node=Node 47(id=469295)}
  Finger{start=443063, interval=(443063,443064), node=Node 47(id=469295)}
  Finger{start=443065, interval=(443065,443068), node=Node 47(id=469295)}
  Finger{start=443069, interval=(443069,443076), node=Node 47(id=469295)}
  Finger{start=443077, interval=(443077,443092), node=Node 47(id=469295)}
  Finger{start=443093, interval=(443093,443124), node=Node 47(id=469295)}
  Finger{start=443125, interval=(443125,443188), node=Node 47(id=469295)}
  Finger{start=443189, interval=(443189,443316), node=Node 47(id=469295)}
  Finger{start=443317, interval=(443317,443572), node=Node 47(id=469295)}
  Finger{start=443573, interval=(443573,444084), node=Node 47(id=469295)}
  Finger{start=444085, interval=(444085,445108), node=Node 47(id=469295)}
  Finger{start=445109, interval=(445109,447156), node=Node 47(id=469295)}
  Finger{start=447157, interval=(447157,451252), node=Node 47(id=469295)}
  Finger{start=451253, interval=(451253,459444), node=Node 47(id=469295)}
  Finger{start=459445, interval=(459445,475828), node=Node 47(id=469295)}
  Finger{start=475829, interval=(475829,508596), node=Node 33(id=487976)}
  Finger{start=508597, interval=(508597,574132), node=Node 60(id=512419)}
  Finger{start=574133, interval=(574133,705204), node=Node 51(id=589452)}
  Finger{start=705205, interval=(705205,967348), node=Node 8(id=709209)}
  Finger{start=967349, interval=(967349,443061), node=Node 100(id=972944)}
}
Data : [431610, 434312, 419490, 433643, 442633, 431979, 438171, 426259]
Node : Node 16	Index: 1047135	Neighbors: Node 65		FingerTable{
  Finger{start=1047136, interval=(1047136,1047136), node=Node 65(id=1008)}
  Finger{start=1047137, interval=(1047137,1047138), node=Node 65(id=1008)}
  Finger{start=1047139, interval=(1047139,1047142), node=Node 65(id=1008)}
  Finger{start=1047143, interval=(1047143,1047150), node=Node 65(id=1008)}
  Finger{start=1047151, interval=(1047151,1047166), node=Node 65(id=1008)}
  Finger{start=1047167, interval=(1047167,1047198), node=Node 65(id=1008)}
  Finger{start=1047199, interval=(1047199,1047262), node=Node 65(id=1008)}
  Finger{start=1047263, interval=(1047263,1047390), node=Node 65(id=1008)}
  Finger{start=1047391, interval=(1047391,1047646), node=Node 65(id=1008)}
  Finger{start=1047647, interval=(1047647,1048158), node=Node 65(id=1008)}
  Finger{start=1048159, interval=(1048159,606), node=Node 65(id=1008)}
  Finger{start=607, interval=(607,2654), node=Node 65(id=1008)}
  Finger{start=2655, interval=(2655,6750), node=Node 70(id=10848)}
  Finger{start=6751, interval=(6751,14942), node=Node 70(id=10848)}
  Finger{start=14943, interval=(14943,31326), node=Node 69(id=32742)}
  Finger{start=31327, interval=(31327,64094), node=Node 69(id=32742)}
  Finger{start=64095, interval=(64095,129630), node=Node 52(id=78994)}
  Finger{start=129631, interval=(129631,260702), node=Node 97(id=137743)}
  Finger{start=260703, interval=(260703,522846), node=Node 77(id=296316)}
  Finger{start=522847, interval=(522847,1047135), node=Node 24(id=543325)}
}
Data : [1043380, 1042244, 1045857]
Node : Node 17	Index: 140009	Neighbors: Node 22		FingerTable{
  Finger{start=140010, interval=(140010,140010), node=Node 22(id=145977)}
  Finger{start=140011, interval=(140011,140012), node=Node 22(id=145977)}
  Finger{start=140013, interval=(140013,140016), node=Node 22(id=145977)}
  Finger{start=140017, interval=(140017,140024), node=Node 22(id=145977)}
  Finger{start=140025, interval=(140025,140040), node=Node 22(id=145977)}
  Finger{start=140041, interval=(140041,140072), node=Node 22(id=145977)}
  Finger{start=140073, interval=(140073,140136), node=Node 22(id=145977)}
  Finger{start=140137, interval=(140137,140264), node=Node 22(id=145977)}
  Finger{start=140265, interval=(140265,140520), node=Node 22(id=145977)}
  Finger{start=140521, interval=(140521,141032), node=Node 22(id=145977)}
  Finger{start=141033, interval=(141033,142056), node=Node 22(id=145977)}
  Finger{start=142057, interval=(142057,144104), node=Node 22(id=145977)}
  Finger{start=144105, interval=(144105,148200), node=Node 22(id=145977)}
  Finger{start=148201, interval=(148201,156392), node=Node 20(id=166765)}
  Finger{start=156393, interval=(156393,172776), node=Node 20(id=166765)}
  Finger{start=172777, interval=(172777,205544), node=Node 3(id=182411)}
  Finger{start=205545, interval=(205545,271080), node=Node 56(id=226725)}
  Finger{start=271081, interval=(271081,402152), node=Node 77(id=296316)}
  Finger{start=402153, interval=(402153,664296), node=Node 9(id=417774)}
  Finger{start=664297, interval=(664297,140009), node=Node 82(id=667902)}
}
Data : [137837]
Node : Node 18	Index: 243886	Neighbors: Node 77		FingerTable{
  Finger{start=243887, interval=(243887,243887), node=Node 77(id=296316)}
  Finger{start=243888, interval=(243888,243889), node=Node 77(id=296316)}
  Finger{start=243890, interval=(243890,243893), node=Node 77(id=296316)}
  Finger{start=243894, interval=(243894,243901), node=Node 77(id=296316)}
  Finger{start=243902, interval=(243902,243917), node=Node 77(id=296316)}
  Finger{start=243918, interval=(243918,243949), node=Node 77(id=296316)}
  Finger{start=243950, interval=(243950,244013), node=Node 77(id=296316)}
  Finger{start=244014, interval=(244014,244141), node=Node 77(id=296316)}
  Finger{start=244142, interval=(244142,244397), node=Node 77(id=296316)}
  Finger{start=244398, interval=(244398,244909), node=Node 77(id=296316)}
  Finger{start=244910, interval=(244910,245933), node=Node 77(id=296316)}
  Finger{start=245934, interval=(245934,247981), node=Node 77(id=296316)}
  Finger{start=247982, interval=(247982,252077), node=Node 77(id=296316)}
  Finger{start=252078, interval=(252078,260269), node=Node 77(id=296316)}
  Finger{start=260270, interval=(260270,276653), node=Node 77(id=296316)}
  Finger{start=276654, interval=(276654,309421), node=Node 77(id=296316)}
  Finger{start=309422, interval=(309422,374957), node=Node 74(id=315708)}
  Finger{start=374958, interval=(374958,506029), node=Node 57(id=397671)}
  Finger{start=506030, interval=(506030,768173), node=Node 60(id=512419)}
  Finger{start=768174, interval=(768174,243886), node=Node 59(id=787911)}
}
Data : []
Node : Node 19	Index: 1041618	Neighbors: Node 16		FingerTable{
  Finger{start=1041619, interval=(1041619,1041619), node=Node 16(id=1047135)}
  Finger{start=1041620, interval=(1041620,1041621), node=Node 16(id=1047135)}
  Finger{start=1041622, interval=(1041622,1041625), node=Node 16(id=1047135)}
  Finger{start=1041626, interval=(1041626,1041633), node=Node 16(id=1047135)}
  Finger{start=1041634, interval=(1041634,1041649), node=Node 16(id=1047135)}
  Finger{start=1041650, interval=(1041650,1041681), node=Node 16(id=1047135)}
  Finger{start=1041682, interval=(1041682,1041745), node=Node 16(id=1047135)}
  Finger{start=1041746, interval=(1041746,1041873), node=Node 16(id=1047135)}
  Finger{start=1041874, interval=(1041874,1042129), node=Node 16(id=1047135)}
  Finger{start=1042130, interval=(1042130,1042641), node=Node 16(id=1047135)}
  Finger{start=1042642, interval=(1042642,1043665), node=Node 16(id=1047135)}
  Finger{start=1043666, interval=(1043666,1045713), node=Node 16(id=1047135)}
  Finger{start=1045714, interval=(1045714,1233), node=Node 16(id=1047135)}
  Finger{start=1234, interval=(1234,9425), node=Node 70(id=10848)}
  Finger{start=9426, interval=(9426,25809), node=Node 70(id=10848)}
  Finger{start=25810, interval=(25810,58577), node=Node 69(id=32742)}
  Finger{start=58578, interval=(58578,124113), node=Node 38(id=59520)}
  Finger{start=124114, interval=(124114,255185), node=Node 97(id=137743)}
  Finger{start=255186, interval=(255186,517329), node=Node 77(id=296316)}
  Finger{start=517330, interval=(517330,1041618), node=Node 86(id=519537)}
}
Data : [1041372]
Node : Node 20	Index: 166765	Neighbors: Node 4		FingerTable{
  Finger{start=166766, interval=(166766,166766), node=Node 4(id=167017)}
  Finger{start=166767, interval=(166767,166768), node=Node 4(id=167017)}
  Finger{start=166769, interval=(166769,166772), node=Node 4(id=167017)}
  Finger{start=166773, interval=(166773,166780), node=Node 4(id=167017)}
  Finger{start=166781, interval=(166781,166796), node=Node 4(id=167017)}
  Finger{start=166797, interval=(166797,166828), node=Node 4(id=167017)}
  Finger{start=166829, interval=(166829,166892), node=Node 4(id=167017)}
  Finger{start=166893, interval=(166893,167020), node=Node 4(id=167017)}
  Finger{start=167021, interval=(167021,167276), node=Node 3(id=182411)}
  Finger{start=167277, interval=(167277,167788), node=Node 3(id=182411)}
  Finger{start=167789, interval=(167789,168812), node=Node 3(id=182411)}
  Finger{start=168813, interval=(168813,170860), node=Node 3(id=182411)}
  Finger{start=170861, interval=(170861,174956), node=Node 3(id=182411)}
  Finger{start=174957, interval=(174957,183148), node=Node 3(id=182411)}
  Finger{start=183149, interval=(183149,199532), node=Node 43(id=183731)}
  Finger{start=199533, interval=(199533,232300), node=Node 56(id=226725)}
  Finger{start=232301, interval=(232301,297836), node=Node 81(id=242682)}
  Finger{start=297837, interval=(297837,428908), node=Node 23(id=302219)}
  Finger{start=428909, interval=(428909,691052), node=Node 15(id=443061)}
  Finger{start=691053, interval=(691053,166765), node=Node 99(id=701252)}
}
Data : [146755, 155652, 153546, 148854, 162520, 161535]
Node : Node 21	Index: 38388	Neighbors: Node 39		FingerTable{
  Finger{start=38389, interval=(38389,38389), node=Node 39(id=41124)}
  Finger{start=38390, interval=(38390,38391), node=Node 39(id=41124)}
  Finger{start=38392, interval=(38392,38395), node=Node 39(id=41124)}
  Finger{start=38396, interval=(38396,38403), node=Node 39(id=41124)}
  Finger{start=38404, interval=(38404,38419), node=Node 39(id=41124)}
  Finger{start=38420, interval=(38420,38451), node=Node 39(id=41124)}
  Finger{start=38452, interval=(38452,38515), node=Node 39(id=41124)}
  Finger{start=38516, interval=(38516,38643), node=Node 39(id=41124)}
  Finger{start=38644, interval=(38644,38899), node=Node 39(id=41124)}
  Finger{start=38900, interval=(38900,39411), node=Node 39(id=41124)}
  Finger{start=39412, interval=(39412,40435), node=Node 39(id=41124)}
  Finger{start=40436, interval=(40436,42483), node=Node 39(id=41124)}
  Finger{start=42484, interval=(42484,46579), node=Node 35(id=44082)}
  Finger{start=46580, interval=(46580,54771), node=Node 26(id=49587)}
  Finger{start=54772, interval=(54772,71155), node=Node 30(id=56133)}
  Finger{start=71156, interval=(71156,103923), node=Node 52(id=78994)}
  Finger{start=103924, interval=(103924,169459), node=Node 63(id=104059)}
  Finger{start=169460, interval=(169460,300531), node=Node 3(id=182411)}
  Finger{start=300532, interval=(300532,562675), node=Node 23(id=302219)}
  Finger{start=562676, interval=(562676,38388), node=Node 51(id=589452)}
}
Data : [36979]
Node : Node 22	Index: 145977	Neighbors: Node 20		FingerTable{
  Finger{start=145978, interval=(145978,145978), node=Node 20(id=166765)}
  Finger{start=145979, interval=(145979,145980), node=Node 20(id=166765)}
  Finger{start=145981, interval=(145981,145984), node=Node 20(id=166765)}
  Finger{start=145985, interval=(145985,145992), node=Node 20(id=166765)}
  Finger{start=145993, interval=(145993,146008), node=Node 20(id=166765)}
  Finger{start=146009, interval=(146009,146040), node=Node 20(id=166765)}
  Finger{start=146041, interval=(146041,146104), node=Node 20(id=166765)}
  Finger{start=146105, interval=(146105,146232), node=Node 20(id=166765)}
  Finger{start=146233, interval=(146233,146488), node=Node 20(id=166765)}
  Finger{start=146489, interval=(146489,147000), node=Node 20(id=166765)}
  Finger{start=147001, interval=(147001,148024), node=Node 20(id=166765)}
  Finger{start=148025, interval=(148025,150072), node=Node 20(id=166765)}
  Finger{start=150073, interval=(150073,154168), node=Node 20(id=166765)}
  Finger{start=154169, interval=(154169,162360), node=Node 20(id=166765)}
  Finger{start=162361, interval=(162361,178744), node=Node 20(id=166765)}
  Finger{start=178745, interval=(178745,211512), node=Node 3(id=182411)}
  Finger{start=211513, interval=(211513,277048), node=Node 56(id=226725)}
  Finger{start=277049, interval=(277049,408120), node=Node 77(id=296316)}
  Finger{start=408121, interval=(408121,670264), node=Node 9(id=417774)}
  Finger{start=670265, interval=(670265,145977), node=Node 78(id=675265)}
}
Data : [140568, 143944, 145643]
Node : Node 23	Index: 302219	Neighbors: Node 90		FingerTable{
  Finger{start=302220, interval=(302220,302220), node=Node 90(id=304581)}
  Finger{start=302221, interval=(302221,302222), node=Node 90(id=304581)}
  Finger{start=302223, interval=(302223,302226), node=Node 90(id=304581)}
  Finger{start=302227, interval=(302227,302234), node=Node 90(id=304581)}
  Finger{start=302235, interval=(302235,302250), node=Node 90(id=304581)}
  Finger{start=302251, interval=(302251,302282), node=Node 90(id=304581)}
  Finger{start=302283, interval=(302283,302346), node=Node 90(id=304581)}
  Finger{start=302347, interval=(302347,302474), node=Node 90(id=304581)}
  Finger{start=302475, interval=(302475,302730), node=Node 90(id=304581)}
  Finger{start=302731, interval=(302731,303242), node=Node 90(id=304581)}
  Finger{start=303243, interval=(303243,304266), node=Node 90(id=304581)}
  Finger{start=304267, interval=(304267,306314), node=Node 90(id=304581)}
  Finger{start=306315, interval=(306315,310410), node=Node 34(id=307542)}
  Finger{start=310411, interval=(310411,318602), node=Node 74(id=315708)}
  Finger{start=318603, interval=(318603,334986), node=Node 41(id=320139)}
  Finger{start=334987, interval=(334987,367754), node=Node 32(id=343290)}
  Finger{start=367755, interval=(367755,433290), node=Node 61(id=368725)}
  Finger{start=433291, interval=(433291,564362), node=Node 15(id=443061)}
  Finger{start=564363, interval=(564363,826506), node=Node 51(id=589452)}
  Finger{start=826507, interval=(826507,302219), node=Node 48(id=827080)}
}
Data : [296831, 299616]
Node : Node 24	Index: 543325	Neighbors: Node 93		FingerTable{
  Finger{start=543326, interval=(543326,543326), node=Node 93(id=544906)}
  Finger{start=543327, interval=(543327,543328), node=Node 93(id=544906)}
  Finger{start=543329, interval=(543329,543332), node=Node 93(id=544906)}
  Finger{start=543333, interval=(543333,543340), node=Node 93(id=544906)}
  Finger{start=543341, interval=(543341,543356), node=Node 93(id=544906)}
  Finger{start=543357, interval=(543357,543388), node=Node 93(id=544906)}
  Finger{start=543389, interval=(543389,543452), node=Node 93(id=544906)}
  Finger{start=543453, interval=(543453,543580), node=Node 93(id=544906)}
  Finger{start=543581, interval=(543581,543836), node=Node 93(id=544906)}
  Finger{start=543837, interval=(543837,544348), node=Node 93(id=544906)}
  Finger{start=544349, interval=(544349,545372), node=Node 93(id=544906)}
  Finger{start=545373, interval=(545373,547420), node=Node 94(id=562497)}
  Finger{start=547421, interval=(547421,551516), node=Node 94(id=562497)}
  Finger{start=551517, interval=(551517,559708), node=Node 94(id=562497)}
  Finger{start=559709, interval=(559709,576092), node=Node 94(id=562497)}
  Finger{start=576093, interval=(576093,608860), node=Node 51(id=589452)}
  Finger{start=608861, interval=(608861,674396), node=Node 92(id=624893)}
  Finger{start=674397, interval=(674397,805468), node=Node 78(id=675265)}
  Finger{start=805469, interval=(805469,19036), node=Node 42(id=822044)}
  Finger{start=19037, interval=(19037,543325), node=Node 69(id=32742)}
}
Data : [524715, 536067, 536846, 529594, 536363, 529993, 531977]
Node : Node 25	Index: 841502	Neighbors: Node 88		FingerTable{
  Finger{start=841503, interval=(841503,841503), node=Node 88(id=849108)}
  Finger{start=841504, interval=(841504,841505), node=Node 88(id=849108)}
  Finger{start=841506, interval=(841506,841509), node=Node 88(id=849108)}
  Finger{start=841510, interval=(841510,841517), node=Node 88(id=849108)}
  Finger{start=841518, interval=(841518,841533), node=Node 88(id=849108)}
  Finger{start=841534, interval=(841534,841565), node=Node 88(id=849108)}
  Finger{start=841566, interval=(841566,841629), node=Node 88(id=849108)}
  Finger{start=841630, interval=(841630,841757), node=Node 88(id=849108)}
  Finger{start=841758, interval=(841758,842013), node=Node 88(id=849108)}
  Finger{start=842014, interval=(842014,842525), node=Node 88(id=849108)}
  Finger{start=842526, interval=(842526,843549), node=Node 88(id=849108)}
  Finger{start=843550, interval=(843550,845597), node=Node 88(id=849108)}
  Finger{start=845598, interval=(845598,849693), node=Node 88(id=849108)}
  Finger{start=849694, interval=(849694,857885), node=Node 50(id=867657)}
  Finger{start=857886, interval=(857886,874269), node=Node 50(id=867657)}
  Finger{start=874270, interval=(874270,907037), node=Node 85(id=878925)}
  Finger{start=907038, interval=(907038,972573), node=Node 91(id=917272)}
  Finger{start=972574, interval=(972574,55069), node=Node 100(id=972944)}
  Finger{start=55070, interval=(55070,317213), node=Node 30(id=56133)}
  Finger{start=317214, interval=(317214,841502), node=Node 41(id=320139)}
}
Data : [837471, 829783, 836559]
Node : Node 26	Index: 49587	Neighbors: Node 95		FingerTable{
  Finger{start=49588, interval=(49588,49588), node=Node 95(id=51783)}
  Finger{start=49589, interval=(49589,49590), node=Node 95(id=51783)}
  Finger{start=49591, interval=(49591,49594), node=Node 95(id=51783)}
  Finger{start=49595, interval=(49595,49602), node=Node 95(id=51783)}
  Finger{start=49603, interval=(49603,49618), node=Node 95(id=51783)}
  Finger{start=49619, interval=(49619,49650), node=Node 95(id=51783)}
  Finger{start=49651, interval=(49651,49714), node=Node 95(id=51783)}
  Finger{start=49715, interval=(49715,49842), node=Node 95(id=51783)}
  Finger{start=49843, interval=(49843,50098), node=Node 95(id=51783)}
  Finger{start=50099, interval=(50099,50610), node=Node 95(id=51783)}
  Finger{start=50611, interval=(50611,51634), node=Node 95(id=51783)}
  Finger{start=51635, interval=(51635,53682), node=Node 95(id=51783)}
  Finger{start=53683, interval=(53683,57778), node=Node 30(id=56133)}
  Finger{start=57779, interval=(57779,65970), node=Node 38(id=59520)}
  Finger{start=65971, interval=(65971,82354), node=Node 52(id=78994)}
  Finger{start=82355, interval=(82355,115122), node=Node 67(id=93108)}
  Finger{start=115123, interval=(115123,180658), node=Node 98(id=121042)}
  Finger{start=180659, interval=(180659,311730), node=Node 3(id=182411)}
  Finger{start=311731, interval=(311731,573874), node=Node 74(id=315708)}
  Finger{start=573875, interval=(573875,49587), node=Node 51(id=589452)}
}
Data : [45491]
Node : Node 27	Index: 656893	Neighbors: Node 82		FingerTable{
  Finger{start=656894, interval=(656894,656894), node=Node 82(id=667902)}
  Finger{start=656895, interval=(656895,656896), node=Node 82(id=667902)}
  Finger{start=656897, interval=(656897,656900), node=Node 82(id=667902)}
  Finger{start=656901, interval=(656901,656908), node=Node 82(id=667902)}
  Finger{start=656909, interval=(656909,656924), node=Node 82(id=667902)}
  Finger{start=656925, interval=(656925,656956), node=Node 82(id=667902)}
  Finger{start=656957, interval=(656957,657020), node=Node 82(id=667902)}
  Finger{start=657021, interval=(657021,657148), node=Node 82(id=667902)}
  Finger{start=657149, interval=(657149,657404), node=Node 82(id=667902)}
  Finger{start=657405, interval=(657405,657916), node=Node 82(id=667902)}
  Finger{start=657917, interval=(657917,658940), node=Node 82(id=667902)}
  Finger{start=658941, interval=(658941,660988), node=Node 82(id=667902)}
  Finger{start=660989, interval=(660989,665084), node=Node 82(id=667902)}
  Finger{start=665085, interval=(665085,673276), node=Node 82(id=667902)}
  Finger{start=673277, interval=(673277,689660), node=Node 78(id=675265)}
  Finger{start=689661, interval=(689661,722428), node=Node 99(id=701252)}
  Finger{start=722429, interval=(722429,787964), node=Node 73(id=731283)}
  Finger{start=787965, interval=(787965,919036), node=Node 10(id=789635)}
  Finger{start=919037, interval=(919037,132604), node=Node 11(id=932868)}
  Finger{start=132605, interval=(132605,656893), node=Node 97(id=137743)}
}
Data : [648861, 652110, 650995]
Node : Node 28	Index: 640525	Neighbors: Node 27		FingerTable{
  Finger{start=640526, interval=(640526,640526), node=Node 27(id=656893)}
  Finger{start=640527, interval=(640527,640528), node=Node 27(id=656893)}
  Finger{start=640529, interval=(640529,640532), node=Node 27(id=656893)}
  Finger{start=640533, interval=(640533,640540), node=Node 27(id=656893)}
  Finger{start=640541, interval=(640541,640556), node=Node 27(id=656893)}
  Finger{start=640557, interval=(640557,640588), node=Node 27(id=656893)}
  Finger{start=640589, interval=(640589,640652), node=Node 27(id=656893)}
  Finger{start=640653, interval=(640653,640780), node=Node 27(id=656893)}
  Finger{start=640781, interval=(640781,641036), node=Node 27(id=656893)}
  Finger{start=641037, interval=(641037,641548), node=Node 27(id=656893)}
  Finger{start=641549, interval=(641549,642572), node=Node 27(id=656893)}
  Finger{start=642573, interval=(642573,644620), node=Node 27(id=656893)}
  Finger{start=644621, interval=(644621,648716), node=Node 27(id=656893)}
  Finger{start=648717, interval=(648717,656908), node=Node 27(id=656893)}
  Finger{start=656909, interval=(656909,673292), node=Node 82(id=667902)}
  Finger{start=673293, interval=(673293,706060), node=Node 78(id=675265)}
  Finger{start=706061, interval=(706061,771596), node=Node 8(id=709209)}
  Finger{start=771597, interval=(771597,902668), node=Node 59(id=787911)}
  Finger{start=902669, interval=(902669,116236), node=Node 96(id=905813)}
  Finger{start=116237, interval=(116237,640525), node=Node 98(id=121042)}
}
Data : [639766]
Node : Node 29	Index: 759141	Neighbors: Node 59		FingerTable{
  Finger{start=759142, interval=(759142,759142), node=Node 59(id=787911)}
  Finger{start=759143, interval=(759143,759144), node=Node 59(id=787911)}
  Finger{start=759145, interval=(759145,759148), node=Node 59(id=787911)}
  Finger{start=759149, interval=(759149,759156), node=Node 59(id=787911)}
  Finger{start=759157, interval=(759157,759172), node=Node 59(id=787911)}
  Finger{start=759173, interval=(759173,759204), node=Node 59(id=787911)}
  Finger{start=759205, interval=(759205,759268), node=Node 59(id=787911)}
  Finger{start=759269, interval=(759269,759396), node=Node 59(id=787911)}
  Finger{start=759397, interval=(759397,759652), node=Node 59(id=787911)}
  Finger{start=759653, interval=(759653,760164), node=Node 59(id=787911)}
  Finger{start=760165, interval=(760165,761188), node=Node 59(id=787911)}
  Finger{start=761189, interval=(761189,763236), node=Node 59(id=787911)}
  Finger{start=763237, interval=(763237,767332), node=Node 59(id=787911)}
  Finger{start=767333, interval=(767333,775524), node=Node 59(id=787911)}
  Finger{start=775525, interval=(775525,791908), node=Node 59(id=787911)}
  Finger{start=791909, interval=(791909,824676), node=Node 84(id=800933)}
  Finger{start=824677, interval=(824677,890212), node=Node 48(id=827080)}
  Finger{start=890213, interval=(890213,1021284), node=Node 96(id=905813)}
  Finger{start=1021285, interval=(1021285,234852), node=Node 54(id=1028532)}
  Finger{start=234853, interval=(234853,759141), node=Node 81(id=242682)}
}
Data : [756537]
Node : Node 30	Index: 56133	Neighbors: Node 38		FingerTable{
  Finger{start=56134, interval=(56134,56134), node=Node 38(id=59520)}
  Finger{start=56135, interval=(56135,56136), node=Node 38(id=59520)}
  Finger{start=56137, interval=(56137,56140), node=Node 38(id=59520)}
  Finger{start=56141, interval=(56141,56148), node=Node 38(id=59520)}
  Finger{start=56149, interval=(56149,56164), node=Node 38(id=59520)}
  Finger{start=56165, interval=(56165,56196), node=Node 38(id=59520)}
  Finger{start=56197, interval=(56197,56260), node=Node 38(id=59520)}
  Finger{start=56261, interval=(56261,56388), node=Node 38(id=59520)}
  Finger{start=56389, interval=(56389,56644), node=Node 38(id=59520)}
  Finger{start=56645, interval=(56645,57156), node=Node 38(id=59520)}
  Finger{start=57157, interval=(57157,58180), node=Node 38(id=59520)}
  Finger{start=58181, interval=(58181,60228), node=Node 38(id=59520)}
  Finger{start=60229, interval=(60229,64324), node=Node 55(id=63209)}
  Finger{start=64325, interval=(64325,72516), node=Node 52(id=78994)}
  Finger{start=72517, interval=(72517,88900), node=Node 52(id=78994)}
  Finger{start=88901, interval=(88901,121668), node=Node 67(id=93108)}
  Finger{start=121669, interval=(121669,187204), node=Node 97(id=137743)}
  Finger{start=187205, interval=(187205,318276), node=Node 36(id=189366)}
  Finger{start=318277, interval=(318277,580420), node=Node 41(id=320139)}
  Finger{start=580421, interval=(580421,56133), node=Node 51(id=589452)}
}
Data : []
Node : Node 31	Index: 713475	Neighbors: Node 73		FingerTable{
  Finger{start=713476, interval=(713476,713476), node=Node 73(id=731283)}
  Finger{start=713477, interval=(713477,713478), node=Node 73(id=731283)}
  Finger{start=713479, interval=(713479,713482), node=Node 73(id=731283)}
  Finger{start=713483, interval=(713483,713490), node=Node 73(id=731283)}
  Finger{start=713491, interval=(713491,713506), node=Node 73(id=731283)}
  Finger{start=713507, interval=(713507,713538), node=Node 73(id=731283)}
  Finger{start=713539, interval=(713539,713602), node=Node 73(id=731283)}
  Finger{start=713603, interval=(713603,713730), node=Node 73(id=731283)}
  Finger{start=713731, interval=(713731,713986), node=Node 73(id=731283)}
  Finger{start=713987, interval=(713987,714498), node=Node 73(id=731283)}
  Finger{start=714499, interval=(714499,715522), node=Node 73(id=731283)}
  Finger{start=715523, interval=(715523,717570), node=Node 73(id=731283)}
  Finger{start=717571, interval=(717571,721666), node=Node 73(id=731283)}
  Finger{start=721667, interval=(721667,729858), node=Node 73(id=731283)}
  Finger{start=729859, interval=(729859,746242), node=Node 73(id=731283)}
  Finger{start=746243, interval=(746243,779010), node=Node 71(id=754233)}
  Finger{start=779011, interval=(779011,844546), node=Node 59(id=787911)}
  Finger{start=844547, interval=(844547,975618), node=Node 88(id=849108)}
  Finger{start=975619, interval=(975619,189186), node=Node 68(id=994329)}
  Finger{start=189187, interval=(189187,713475), node=Node 36(id=189366)}
}
Data : []
Node : Node 32	Index: 343290	Neighbors: Node 83		FingerTable{
  Finger{start=343291, interval=(343291,343291), node=Node 83(id=344719)}
  Finger{start=343292, interval=(343292,343293), node=Node 83(id=344719)}
  Finger{start=343294, interval=(343294,343297), node=Node 83(id=344719)}
  Finger{start=343298, interval=(343298,343305), node=Node 83(id=344719)}
  Finger{start=343306, interval=(343306,343321), node=Node 83(id=344719)}
  Finger{start=343322, interval=(343322,343353), node=Node 83(id=344719)}
  Finger{start=343354, interval=(343354,343417), node=Node 83(id=344719)}
  Finger{start=343418, interval=(343418,343545), node=Node 83(id=344719)}
  Finger{start=343546, interval=(343546,343801), node=Node 83(id=344719)}
  Finger{start=343802, interval=(343802,344313), node=Node 83(id=344719)}
  Finger{start=344314, interval=(344314,345337), node=Node 83(id=344719)}
  Finger{start=345338, interval=(345338,347385), node=Node 2(id=358666)}
  Finger{start=347386, interval=(347386,351481), node=Node 2(id=358666)}
  Finger{start=351482, interval=(351482,359673), node=Node 2(id=358666)}
  Finger{start=359674, interval=(359674,376057), node=Node 61(id=368725)}
  Finger{start=376058, interval=(376058,408825), node=Node 57(id=397671)}
  Finger{start=408826, interval=(408826,474361), node=Node 9(id=417774)}
  Finger{start=474362, interval=(474362,605433), node=Node 33(id=487976)}
  Finger{start=605434, interval=(605434,867577), node=Node 92(id=624893)}
  Finger{start=867578, interval=(867578,343290), node=Node 50(id=867657)}
}
Data : [330356, 331153, 323146, 328523, 330551, 341105]
Node : Node 33	Index: 487976	Neighbors: Node 66		FingerTable{
  Finger{start=487977, interval=(487977,487977), node=Node 66(id=488485)}
  Finger{start=487978, interval=(487978,487979), node=Node 66(id=488485)}
  Finger{start=487980, interval=(487980,487983), node=Node 66(id=488485)}
  Finger{start=487984, interval=(487984,487991), node=Node 66(id=488485)}
  Finger{start=487992, interval=(487992,488007), node=Node 66(id=488485)}
  Finger{start=488008, interval=(488008,488039), node=Node 66(id=488485)}
  Finger{start=488040, interval=(488040,488103), node=Node 66(id=488485)}
  Finger{start=488104, interval=(488104,488231), node=Node 66(id=488485)}
  Finger{start=488232, interval=(488232,488487), node=Node 66(id=488485)}
  Finger{start=488488, interval=(488488,488999), node=Node 60(id=512419)}
  Finger{start=489000, interval=(489000,490023), node=Node 60(id=512419)}
  Finger{start=490024, interval=(490024,492071), node=Node 60(id=512419)}
  Finger{start=492072, interval=(492072,496167), node=Node 60(id=512419)}
  Finger{start=496168, interval=(496168,504359), node=Node 60(id=512419)}
  Finger{start=504360, interval=(504360,520743), node=Node 60(id=512419)}
  Finger{start=520744, interval=(520744,553511), node=Node 24(id=543325)}
  Finger{start=553512, interval=(553512,619047), node=Node 94(id=562497)}
  Finger{start=619048, interval=(619048,750119), node=Node 92(id=624893)}
  Finger{start=750120, interval=(750120,1012263), node=Node 71(id=754233)}
  Finger{start=1012264, interval=(1012264,487976), node=Node 54(id=1028532)}
}
Data : [485444, 487229, 476833]
Node : Node 34	Index: 307542	Neighbors: Node 74		FingerTable{
  Finger{start=307543, interval=(307543,307543), node=Node 74(id=315708)}
  Finger{start=307544, interval=(307544,307545), node=Node 74(id=315708)}
  Finger{start=307546, interval=(307546,307549), node=Node 74(id=315708)}
  Finger{start=307550, interval=(307550,307557), node=Node 74(id=315708)}
  Finger{start=307558, interval=(307558,307573), node=Node 74(id=315708)}
  Finger{start=307574, interval=(307574,307605), node=Node 74(id=315708)}
  Finger{start=307606, interval=(307606,307669), node=Node 74(id=315708)}
  Finger{start=307670, interval=(307670,307797), node=Node 74(id=315708)}
  Finger{start=307798, interval=(307798,308053), node=Node 74(id=315708)}
  Finger{start=308054, interval=(308054,308565), node=Node 74(id=315708)}
  Finger{start=308566, interval=(308566,309589), node=Node 74(id=315708)}
  Finger{start=309590, interval=(309590,311637), node=Node 74(id=315708)}
  Finger{start=311638, interval=(311638,315733), node=Node 74(id=315708)}
  Finger{start=315734, interval=(315734,323925), node=Node 41(id=320139)}
  Finger{start=323926, interval=(323926,340309), node=Node 32(id=343290)}
  Finger{start=340310, interval=(340310,373077), node=Node 32(id=343290)}
  Finger{start=373078, interval=(373078,438613), node=Node 57(id=397671)}
  Finger{start=438614, interval=(438614,569685), node=Node 15(id=443061)}
  Finger{start=569686, interval=(569686,831829), node=Node 51(id=589452)}
  Finger{start=831830, interval=(831830,307542), node=Node 25(id=841502)}
}
Data : []
Node : Node 35	Index: 44082	Neighbors: Node 26		FingerTable{
  Finger{start=44083, interval=(44083,44083), node=Node 26(id=49587)}
  Finger{start=44084, interval=(44084,44085), node=Node 26(id=49587)}
  Finger{start=44086, interval=(44086,44089), node=Node 26(id=49587)}
  Finger{start=44090, interval=(44090,44097), node=Node 26(id=49587)}
  Finger{start=44098, interval=(44098,44113), node=Node 26(id=49587)}
  Finger{start=44114, interval=(44114,44145), node=Node 26(id=49587)}
  Finger{start=44146, interval=(44146,44209), node=Node 26(id=49587)}
  Finger{start=44210, interval=(44210,44337), node=Node 26(id=49587)}
  Finger{start=44338, interval=(44338,44593), node=Node 26(id=49587)}
  Finger{start=44594, interval=(44594,45105), node=Node 26(id=49587)}
  Finger{start=45106, interval=(45106,46129), node=Node 26(id=49587)}
  Finger{start=46130, interval=(46130,48177), node=Node 26(id=49587)}
  Finger{start=48178, interval=(48178,52273), node=Node 26(id=49587)}
  Finger{start=52274, interval=(52274,60465), node=Node 30(id=56133)}
  Finger{start=60466, interval=(60466,76849), node=Node 55(id=63209)}
  Finger{start=76850, interval=(76850,109617), node=Node 52(id=78994)}
  Finger{start=109618, interval=(109618,175153), node=Node 98(id=121042)}
  Finger{start=175154, interval=(175154,306225), node=Node 3(id=182411)}
  Finger{start=306226, interval=(306226,568369), node=Node 34(id=307542)}
  Finger{start=568370, interval=(568370,44082), node=Node 51(id=589452)}
}
Data : [41697, 42245]
Node : Node 36	Index: 189366	Neighbors: Node 1		FingerTable{
  Finger{start=189367, interval=(189367,189367), node=Node 1(id=193869)}
  Finger{start=189368, interval=(189368,189369), node=Node 1(id=193869)}
  Finger{start=189370, interval=(189370,189373), node=Node 1(id=193869)}
  Finger{start=189374, interval=(189374,189381), node=Node 1(id=193869)}
  Finger{start=189382, interval=(189382,189397), node=Node 1(id=193869)}
  Finger{start=189398, interval=(189398,189429), node=Node 1(id=193869)}
  Finger{start=189430, interval=(189430,189493), node=Node 1(id=193869)}
  Finger{start=189494, interval=(189494,189621), node=Node 1(id=193869)}
  Finger{start=189622, interval=(189622,189877), node=Node 1(id=193869)}
  Finger{start=189878, interval=(189878,190389), node=Node 1(id=193869)}
  Finger{start=190390, interval=(190390,191413), node=Node 1(id=193869)}
  Finger{start=191414, interval=(191414,193461), node=Node 1(id=193869)}
  Finger{start=193462, interval=(193462,197557), node=Node 1(id=193869)}
  Finger{start=197558, interval=(197558,205749), node=Node 14(id=198567)}
  Finger{start=205750, interval=(205750,222133), node=Node 56(id=226725)}
  Finger{start=222134, interval=(222134,254901), node=Node 56(id=226725)}
  Finger{start=254902, interval=(254902,320437), node=Node 77(id=296316)}
  Finger{start=320438, interval=(320438,451509), node=Node 32(id=343290)}
  Finger{start=451510, interval=(451510,713653), node=Node 47(id=469295)}
  Finger{start=713654, interval=(713654,189366), node=Node 73(id=731283)}
}
Data : []
Node : Node 37	Index: 633803	Neighbors: Node 75		FingerTable{
  Finger{start=633804, interval=(633804,633804), node=Node 75(id=636833)}
  Finger{start=633805, interval=(633805,633806), node=Node 75(id=636833)}
  Finger{start=633807, interval=(633807,633810), node=Node 75(id=636833)}
  Finger{start=633811, interval=(633811,633818), node=Node 75(id=636833)}
  Finger{start=633819, interval=(633819,633834), node=Node 75(id=636833)}
  Finger{start=633835, interval=(633835,633866), node=Node 75(id=636833)}
  Finger{start=633867, interval=(633867,633930), node=Node 75(id=636833)}
  Finger{start=633931, interval=(633931,634058), node=Node 75(id=636833)}
  Finger{start=634059, interval=(634059,634314), node=Node 75(id=636833)}
  Finger{start=634315, interval=(634315,634826), node=Node 75(id=636833)}
  Finger{start=634827, interval=(634827,635850), node=Node 75(id=636833)}
  Finger{start=635851, interval=(635851,637898), node=Node 75(id=636833)}
  Finger{start=637899, interval=(637899,641994), node=Node 28(id=640525)}
  Finger{start=641995, interval=(641995,650186), node=Node 27(id=656893)}
  Finger{start=650187, interval=(650187,666570), node=Node 27(id=656893)}
  Finger{start=666571, interval=(666571,699338), node=Node 82(id=667902)}
  Finger{start=699339, interval=(699339,764874), node=Node 99(id=701252)}
  Finger{start=764875, interval=(764875,895946), node=Node 59(id=787911)}
  Finger{start=895947, interval=(895947,109514), node=Node 96(id=905813)}
  Finger{start=109515, interval=(109515,633803), node=Node 98(id=121042)}
}
Data : []
Node : Node 38	Index: 59520	Neighbors: Node 55		FingerTable{
  Finger{start=59521, interval=(59521,59521), node=Node 55(id=63209)}
  Finger{start=59522, interval=(59522,59523), node=Node 55(id=63209)}
  Finger{start=59524, interval=(59524,59527), node=Node 55(id=63209)}
  Finger{start=59528, interval=(59528,59535), node=Node 55(id=63209)}
  Finger{start=59536, interval=(59536,59551), node=Node 55(id=63209)}
  Finger{start=59552, interval=(59552,59583), node=Node 55(id=63209)}
  Finger{start=59584, interval=(59584,59647), node=Node 55(id=63209)}
  Finger{start=59648, interval=(59648,59775), node=Node 55(id=63209)}
  Finger{start=59776, interval=(59776,60031), node=Node 55(id=63209)}
  Finger{start=60032, interval=(60032,60543), node=Node 55(id=63209)}
  Finger{start=60544, interval=(60544,61567), node=Node 55(id=63209)}
  Finger{start=61568, interval=(61568,63615), node=Node 55(id=63209)}
  Finger{start=63616, interval=(63616,67711), node=Node 52(id=78994)}
  Finger{start=67712, interval=(67712,75903), node=Node 52(id=78994)}
  Finger{start=75904, interval=(75904,92287), node=Node 52(id=78994)}
  Finger{start=92288, interval=(92288,125055), node=Node 67(id=93108)}
  Finger{start=125056, interval=(125056,190591), node=Node 97(id=137743)}
  Finger{start=190592, interval=(190592,321663), node=Node 1(id=193869)}
  Finger{start=321664, interval=(321664,583807), node=Node 32(id=343290)}
  Finger{start=583808, interval=(583808,59520), node=Node 51(id=589452)}
}
Data : []
Node : Node 39	Index: 41124	Neighbors: Node 35		FingerTable{
  Finger{start=41125, interval=(41125,41125), node=Node 35(id=44082)}
  Finger{start=41126, interval=(41126,41127), node=Node 35(id=44082)}
  Finger{start=41128, interval=(41128,41131), node=Node 35(id=44082)}
  Finger{start=41132, interval=(41132,41139), node=Node 35(id=44082)}
  Finger{start=41140, interval=(41140,41155), node=Node 35(id=44082)}
  Finger{start=41156, interval=(41156,41187), node=Node 35(id=44082)}
  Finger{start=41188, interval=(41188,41251), node=Node 35(id=44082)}
  Finger{start=41252, interval=(41252,41379), node=Node 35(id=44082)}
  Finger{start=41380, interval=(41380,41635), node=Node 35(id=44082)}
  Finger{start=41636, interval=(41636,42147), node=Node 35(id=44082)}
  Finger{start=42148, interval=(42148,43171), node=Node 35(id=44082)}
  Finger{start=43172, interval=(43172,45219), node=Node 35(id=44082)}
  Finger{start=45220, interval=(45220,49315), node=Node 26(id=49587)}
  Finger{start=49316, interval=(49316,57507), node=Node 26(id=49587)}
  Finger{start=57508, interval=(57508,73891), node=Node 38(id=59520)}
  Finger{start=73892, interval=(73892,106659), node=Node 52(id=78994)}
  Finger{start=106660, interval=(106660,172195), node=Node 98(id=121042)}
  Finger{start=172196, interval=(172196,303267), node=Node 3(id=182411)}
  Finger{start=303268, interval=(303268,565411), node=Node 90(id=304581)}
  Finger{start=565412, interval=(565412,41124), node=Node 51(id=589452)}
}
Data : [39577, 39051]
Node : Node 40	Index: 35039	Neighbors: Node 12		FingerTable{
  Finger{start=35040, interval=(35040,35040), node=Node 12(id=36265)}
  Finger{start=35041, interval=(35041,35042), node=Node 12(id=36265)}
  Finger{start=35043, interval=(35043,35046), node=Node 12(id=36265)}
  Finger{start=35047, interval=(35047,35054), node=Node 12(id=36265)}
  Finger{start=35055, interval=(35055,35070), node=Node 12(id=36265)}
  Finger{start=35071, interval=(35071,35102), node=Node 12(id=36265)}
  Finger{start=35103, interval=(35103,35166), node=Node 12(id=36265)}
  Finger{start=35167, interval=(35167,35294), node=Node 12(id=36265)}
  Finger{start=35295, interval=(35295,35550), node=Node 12(id=36265)}
  Finger{start=35551, interval=(35551,36062), node=Node 12(id=36265)}
  Finger{start=36063, interval=(36063,37086), node=Node 12(id=36265)}
  Finger{start=37087, interval=(37087,39134), node=Node 21(id=38388)}
  Finger{start=39135, interval=(39135,43230), node=Node 39(id=41124)}
  Finger{start=43231, interval=(43231,51422), node=Node 35(id=44082)}
  Finger{start=51423, interval=(51423,67806), node=Node 95(id=51783)}
  Finger{start=67807, interval=(67807,100574), node=Node 52(id=78994)}
  Finger{start=100575, interval=(100575,166110), node=Node 63(id=104059)}
  Finger{start=166111, interval=(166111,297182), node=Node 20(id=166765)}
  Finger{start=297183, interval=(297183,559326), node=Node 23(id=302219)}
  Finger{start=559327, interval=(559327,35039), node=Node 94(id=562497)}
}
Data : [33144]
Node : Node 41	Index: 320139	Neighbors: Node 32		FingerTable{
  Finger{start=320140, interval=(320140,320140), node=Node 32(id=343290)}
  Finger{start=320141, interval=(320141,320142), node=Node 32(id=343290)}
  Finger{start=320143, interval=(320143,320146), node=Node 32(id=343290)}
  Finger{start=320147, interval=(320147,320154), node=Node 32(id=343290)}
  Finger{start=320155, interval=(320155,320170), node=Node 32(id=343290)}
  Finger{start=320171, interval=(320171,320202), node=Node 32(id=343290)}
  Finger{start=320203, interval=(320203,320266), node=Node 32(id=343290)}
  Finger{start=320267, interval=(320267,320394), node=Node 32(id=343290)}
  Finger{start=320395, interval=(320395,320650), node=Node 32(id=343290)}
  Finger{start=320651, interval=(320651,321162), node=Node 32(id=343290)}
  Finger{start=321163, interval=(321163,322186), node=Node 32(id=343290)}
  Finger{start=322187, interval=(322187,324234), node=Node 32(id=343290)}
  Finger{start=324235, interval=(324235,328330), node=Node 32(id=343290)}
  Finger{start=328331, interval=(328331,336522), node=Node 32(id=343290)}
  Finger{start=336523, interval=(336523,352906), node=Node 32(id=343290)}
  Finger{start=352907, interval=(352907,385674), node=Node 2(id=358666)}
  Finger{start=385675, interval=(385675,451210), node=Node 57(id=397671)}
  Finger{start=451211, interval=(451211,582282), node=Node 47(id=469295)}
  Finger{start=582283, interval=(582283,844426), node=Node 51(id=589452)}
  Finger{start=844427, interval=(844427,320139), node=Node 88(id=849108)}
}
Data : [318623, 316443, 316340]
Node : Node 42	Index: 822044	Neighbors: Node 48		FingerTable{
  Finger{start=822045, interval=(822045,822045), node=Node 48(id=827080)}
  Finger{start=822046, interval=(822046,822047), node=Node 48(id=827080)}
  Finger{start=822048, interval=(822048,822051), node=Node 48(id=827080)}
  Finger{start=822052, interval=(822052,822059), node=Node 48(id=827080)}
  Finger{start=822060, interval=(822060,822075), node=Node 48(id=827080)}
  Finger{start=822076, interval=(822076,822107), node=Node 48(id=827080)}
  Finger{start=822108, interval=(822108,822171), node=Node 48(id=827080)}
  Finger{start=822172, interval=(822172,822299), node=Node 48(id=827080)}
  Finger{start=822300, interval=(822300,822555), node=Node 48(id=827080)}
  Finger{start=822556, interval=(822556,823067), node=Node 48(id=827080)}
  Finger{start=823068, interval=(823068,824091), node=Node 48(id=827080)}
  Finger{start=824092, interval=(824092,826139), node=Node 48(id=827080)}
  Finger{start=826140, interval=(826140,830235), node=Node 48(id=827080)}
  Finger{start=830236, interval=(830236,838427), node=Node 25(id=841502)}
  Finger{start=838428, interval=(838428,854811), node=Node 25(id=841502)}
  Finger{start=854812, interval=(854812,887579), node=Node 50(id=867657)}
  Finger{start=887580, interval=(887580,953115), node=Node 96(id=905813)}
  Finger{start=953116, interval=(953116,35611), node=Node 100(id=972944)}
  Finger{start=35612, interval=(35612,297755), node=Node 12(id=36265)}
  Finger{start=297756, interval=(297756,822044), node=Node 23(id=302219)}
}
Data : [812159, 811326, 818103, 809677, 813523, 819198]
Node : Node 43	Index: 183731	Neighbors: Node 36		FingerTable{
  Finger{start=183732, interval=(183732,183732), node=Node 36(id=189366)}
  Finger{start=183733, interval=(183733,183734), node=Node 36(id=189366)}
  Finger{start=183735, interval=(183735,183738), node=Node 36(id=189366)}
  Finger{start=183739, interval=(183739,183746), node=Node 36(id=189366)}
  Finger{start=183747, interval=(183747,183762), node=Node 36(id=189366)}
  Finger{start=183763, interval=(183763,183794), node=Node 36(id=189366)}
  Finger{start=183795, interval=(183795,183858), node=Node 36(id=189366)}
  Finger{start=183859, interval=(183859,183986), node=Node 36(id=189366)}
  Finger{start=183987, interval=(183987,184242), node=Node 36(id=189366)}
  Finger{start=184243, interval=(184243,184754), node=Node 36(id=189366)}
  Finger{start=184755, interval=(184755,185778), node=Node 36(id=189366)}
  Finger{start=185779, interval=(185779,187826), node=Node 36(id=189366)}
  Finger{start=187827, interval=(187827,191922), node=Node 36(id=189366)}
  Finger{start=191923, interval=(191923,200114), node=Node 1(id=193869)}
  Finger{start=200115, interval=(200115,216498), node=Node 56(id=226725)}
  Finger{start=216499, interval=(216499,249266), node=Node 56(id=226725)}
  Finger{start=249267, interval=(249267,314802), node=Node 77(id=296316)}
  Finger{start=314803, interval=(314803,445874), node=Node 74(id=315708)}
  Finger{start=445875, interval=(445875,708018), node=Node 47(id=469295)}
  Finger{start=708019, interval=(708019,183731), node=Node 8(id=709209)}
}
Data : []
Node : Node 44	Index: 1008270	Neighbors: Node 54		FingerTable{
  Finger{start=1008271, interval=(1008271,1008271), node=Node 54(id=1028532)}
  Finger{start=1008272, interval=(1008272,1008273), node=Node 54(id=1028532)}
  Finger{start=1008274, interval=(1008274,1008277), node=Node 54(id=1028532)}
  Finger{start=1008278, interval=(1008278,1008285), node=Node 54(id=1028532)}
  Finger{start=1008286, interval=(1008286,1008301), node=Node 54(id=1028532)}
  Finger{start=1008302, interval=(1008302,1008333), node=Node 54(id=1028532)}
  Finger{start=1008334, interval=(1008334,1008397), node=Node 54(id=1028532)}
  Finger{start=1008398, interval=(1008398,1008525), node=Node 54(id=1028532)}
  Finger{start=1008526, interval=(1008526,1008781), node=Node 54(id=1028532)}
  Finger{start=1008782, interval=(1008782,1009293), node=Node 54(id=1028532)}
  Finger{start=1009294, interval=(1009294,1010317), node=Node 54(id=1028532)}
  Finger{start=1010318, interval=(1010318,1012365), node=Node 54(id=1028532)}
  Finger{start=1012366, interval=(1012366,1016461), node=Node 54(id=1028532)}
  Finger{start=1016462, interval=(1016462,1024653), node=Node 54(id=1028532)}
  Finger{start=1024654, interval=(1024654,1041037), node=Node 54(id=1028532)}
  Finger{start=1041038, interval=(1041038,25229), node=Node 19(id=1041618)}
  Finger{start=25230, interval=(25230,90765), node=Node 69(id=32742)}
  Finger{start=90766, interval=(90766,221837), node=Node 67(id=93108)}
  Finger{start=221838, interval=(221838,483981), node=Node 56(id=226725)}
  Finger{start=483982, interval=(483982,1008270), node=Node 33(id=487976)}
}
Data : [996853, 1001964, 1003513, 1000951]
Node : Node 45	Index: 803121	Neighbors: Node 42		FingerTable{
  Finger{start=803122, interval=(803122,803122), node=Node 42(id=822044)}
  Finger{start=803123, interval=(803123,803124), node=Node 42(id=822044)}
  Finger{start=803125, interval=(803125,803128), node=Node 42(id=822044)}
  Finger{start=803129, interval=(803129,803136), node=Node 42(id=822044)}
  Finger{start=803137, interval=(803137,803152), node=Node 42(id=822044)}
  Finger{start=803153, interval=(803153,803184), node=Node 42(id=822044)}
  Finger{start=803185, interval=(803185,803248), node=Node 42(id=822044)}
  Finger{start=803249, interval=(803249,803376), node=Node 42(id=822044)}
  Finger{start=803377, interval=(803377,803632), node=Node 42(id=822044)}
  Finger{start=803633, interval=(803633,804144), node=Node 42(id=822044)}
  Finger{start=804145, interval=(804145,805168), node=Node 42(id=822044)}
  Finger{start=805169, interval=(805169,807216), node=Node 42(id=822044)}
  Finger{start=807217, interval=(807217,811312), node=Node 42(id=822044)}
  Finger{start=811313, interval=(811313,819504), node=Node 42(id=822044)}
  Finger{start=819505, interval=(819505,835888), node=Node 42(id=822044)}
  Finger{start=835889, interval=(835889,868656), node=Node 25(id=841502)}
  Finger{start=868657, interval=(868657,934192), node=Node 85(id=878925)}
  Finger{start=934193, interval=(934193,16688), node=Node 100(id=972944)}
  Finger{start=16689, interval=(16689,278832), node=Node 69(id=32742)}
  Finger{start=278833, interval=(278833,803121), node=Node 77(id=296316)}
}
Data : [802891]
Node : Node 46	Index: 182819	Neighbors: Node 43		FingerTable{
  Finger{start=182820, interval=(182820,182820), node=Node 43(id=183731)}
  Finger{start=182821, interval=(182821,182822), node=Node 43(id=183731)}
  Finger{start=182823, interval=(182823,182826), node=Node 43(id=183731)}
  Finger{start=182827, interval=(182827,182834), node=Node 43(id=183731)}
  Finger{start=182835, interval=(182835,182850), node=Node 43(id=183731)}
  Finger{start=182851, interval=(182851,182882), node=Node 43(id=183731)}
  Finger{start=182883, interval=(182883,182946), node=Node 43(id=183731)}
  Finger{start=182947, interval=(182947,183074), node=Node 43(id=183731)}
  Finger{start=183075, interval=(183075,183330), node=Node 43(id=183731)}
  Finger{start=183331, interval=(183331,183842), node=Node 43(id=183731)}
  Finger{start=183843, interval=(183843,184866), node=Node 36(id=189366)}
  Finger{start=184867, interval=(184867,186914), node=Node 36(id=189366)}
  Finger{start=186915, interval=(186915,191010), node=Node 36(id=189366)}
  Finger{start=191011, interval=(191011,199202), node=Node 1(id=193869)}
  Finger{start=199203, interval=(199203,215586), node=Node 56(id=226725)}
  Finger{start=215587, interval=(215587,248354), node=Node 56(id=226725)}
  Finger{start=248355, interval=(248355,313890), node=Node 77(id=296316)}
  Finger{start=313891, interval=(313891,444962), node=Node 74(id=315708)}
  Finger{start=444963, interval=(444963,707106), node=Node 47(id=469295)}
  Finger{start=707107, interval=(707107,182819), node=Node 8(id=709209)}
}
Data : [182632]
Node : Node 47	Index: 469295	Neighbors: Node 33		FingerTable{
  Finger{start=469296, interval=(469296,469296), node=Node 33(id=487976)}
  Finger{start=469297, interval=(469297,469298), node=Node 33(id=487976)}
  Finger{start=469299, interval=(469299,469302), node=Node 33(id=487976)}
  Finger{start=469303, interval=(469303,469310), node=Node 33(id=487976)}
  Finger{start=469311, interval=(469311,469326), node=Node 33(id=487976)}
  Finger{start=469327, interval=(469327,469358), node=Node 33(id=487976)}
  Finger{start=469359, interval=(469359,469422), node=Node 33(id=487976)}
  Finger{start=469423, interval=(469423,469550), node=Node 33(id=487976)}
  Finger{start=469551, interval=(469551,469806), node=Node 33(id=487976)}
  Finger{start=469807, interval=(469807,470318), node=Node 33(id=487976)}
  Finger{start=470319, interval=(470319,471342), node=Node 33(id=487976)}
  Finger{start=471343, interval=(471343,473390), node=Node 33(id=487976)}
  Finger{start=473391, interval=(473391,477486), node=Node 33(id=487976)}
  Finger{start=477487, interval=(477487,485678), node=Node 33(id=487976)}
  Finger{start=485679, interval=(485679,502062), node=Node 33(id=487976)}
  Finger{start=502063, interval=(502063,534830), node=Node 60(id=512419)}
  Finger{start=534831, interval=(534831,600366), node=Node 24(id=543325)}
  Finger{start=600367, interval=(600367,731438), node=Node 92(id=624893)}
  Finger{start=731439, interval=(731439,993582), node=Node 5(id=743265)}
  Finger{start=993583, interval=(993583,469295), node=Node 68(id=994329)}
}
Data : [447519, 467886, 460407, 462504]
Node : Node 48	Index: 827080	Neighbors: Node 58		FingerTable{
  Finger{start=827081, interval=(827081,827081), node=Node 58(id=828750)}
  Finger{start=827082, interval=(827082,827083), node=Node 58(id=828750)}
  Finger{start=827084, interval=(827084,827087), node=Node 58(id=828750)}
  Finger{start=827088, interval=(827088,827095), node=Node 58(id=828750)}
  Finger{start=827096, interval=(827096,827111), node=Node 58(id=828750)}
  Finger{start=827112, interval=(827112,827143), node=Node 58(id=828750)}
  Finger{start=827144, interval=(827144,827207), node=Node 58(id=828750)}
  Finger{start=827208, interval=(827208,827335), node=Node 58(id=828750)}
  Finger{start=827336, interval=(827336,827591), node=Node 58(id=828750)}
  Finger{start=827592, interval=(827592,828103), node=Node 58(id=828750)}
  Finger{start=828104, interval=(828104,829127), node=Node 58(id=828750)}
  Finger{start=829128, interval=(829128,831175), node=Node 25(id=841502)}
  Finger{start=831176, interval=(831176,835271), node=Node 25(id=841502)}
  Finger{start=835272, interval=(835272,843463), node=Node 25(id=841502)}
  Finger{start=843464, interval=(843464,859847), node=Node 88(id=849108)}
  Finger{start=859848, interval=(859848,892615), node=Node 50(id=867657)}
  Finger{start=892616, interval=(892616,958151), node=Node 96(id=905813)}
  Finger{start=958152, interval=(958152,40647), node=Node 100(id=972944)}
  Finger{start=40648, interval=(40648,302791), node=Node 39(id=41124)}
  Finger{start=302792, interval=(302792,827080), node=Node 90(id=304581)}
}
Data : [824938, 825628, 825565]
Node : Node 49	Index: 1032101	Neighbors: Node 7		FingerTable{
  Finger{start=1032102, interval=(1032102,1032102), node=Node 7(id=1037792)}
  Finger{start=1032103, interval=(1032103,1032104), node=Node 7(id=1037792)}
  Finger{start=1032105, interval=(1032105,1032108), node=Node 7(id=1037792)}
  Finger{start=1032109, interval=(1032109,1032116), node=Node 7(id=1037792)}
  Finger{start=1032117, interval=(1032117,1032132), node=Node 7(id=1037792)}
  Finger{start=1032133, interval=(1032133,1032164), node=Node 7(id=1037792)}
  Finger{start=1032165, interval=(1032165,1032228), node=Node 7(id=1037792)}
  Finger{start=1032229, interval=(1032229,1032356), node=Node 7(id=1037792)}
  Finger{start=1032357, interval=(1032357,1032612), node=Node 7(id=1037792)}
  Finger{start=1032613, interval=(1032613,1033124), node=Node 7(id=1037792)}
  Finger{start=1033125, interval=(1033125,1034148), node=Node 7(id=1037792)}
  Finger{start=1034149, interval=(1034149,1036196), node=Node 7(id=1037792)}
  Finger{start=1036197, interval=(1036197,1040292), node=Node 7(id=1037792)}
  Finger{start=1040293, interval=(1040293,1048484), node=Node 19(id=1041618)}
  Finger{start=1048485, interval=(1048485,16292), node=Node 65(id=1008)}
  Finger{start=16293, interval=(16293,49060), node=Node 69(id=32742)}
  Finger{start=49061, interval=(49061,114596), node=Node 26(id=49587)}
  Finger{start=114597, interval=(114597,245668), node=Node 98(id=121042)}
  Finger{start=245669, interval=(245669,507812), node=Node 77(id=296316)}
  Finger{start=507813, interval=(507813,1032101), node=Node 60(id=512419)}
}
Data : [1030834, 1030543]
Node : Node 50	Index: 867657	Neighbors: Node 85		FingerTable{
  Finger{start=867658, interval=(867658,867658), node=Node 85(id=878925)}
  Finger{start=867659, interval=(867659,867660), node=Node 85(id=878925)}
  Finger{start=867661, interval=(867661,867664), node=Node 85(id=878925)}
  Finger{start=867665, interval=(867665,867672), node=Node 85(id=878925)}
  Finger{start=867673, interval=(867673,867688), node=Node 85(id=878925)}
  Finger{start=867689, interval=(867689,867720), node=Node 85(id=878925)}
  Finger{start=867721, interval=(867721,867784), node=Node 85(id=878925)}
  Finger{start=867785, interval=(867785,867912), node=Node 85(id=878925)}
  Finger{start=867913, interval=(867913,868168), node=Node 85(id=878925)}
  Finger{start=868169, interval=(868169,868680), node=Node 85(id=878925)}
  Finger{start=868681, interval=(868681,869704), node=Node 85(id=878925)}
  Finger{start=869705, interval=(869705,871752), node=Node 85(id=878925)}
  Finger{start=871753, interval=(871753,875848), node=Node 85(id=878925)}
  Finger{start=875849, interval=(875849,884040), node=Node 85(id=878925)}
  Finger{start=884041, interval=(884041,900424), node=Node 6(id=884378)}
  Finger{start=900425, interval=(900425,933192), node=Node 96(id=905813)}
  Finger{start=933193, interval=(933193,998728), node=Node 100(id=972944)}
  Finger{start=998729, interval=(998729,81224), node=Node 44(id=1008270)}
  Finger{start=81225, interval=(81225,343368), node=Node 67(id=93108)}
  Finger{start=343369, interval=(343369,867657), node=Node 83(id=344719)}
}
Data : [849901, 857995, 856226, 866032]
Node : Node 51	Index: 589452	Neighbors: Node 72		FingerTable{
  Finger{start=589453, interval=(589453,589453), node=Node 72(id=596919)}
  Finger{start=589454, interval=(589454,589455), node=Node 72(id=596919)}
  Finger{start=589456, interval=(589456,589459), node=Node 72(id=596919)}
  Finger{start=589460, interval=(589460,589467), node=Node 72(id=596919)}
  Finger{start=589468, interval=(589468,589483), node=Node 72(id=596919)}
  Finger{start=589484, interval=(589484,589515), node=Node 72(id=596919)}
  Finger{start=589516, interval=(589516,589579), node=Node 72(id=596919)}
  Finger{start=589580, interval=(589580,589707), node=Node 72(id=596919)}
  Finger{start=589708, interval=(589708,589963), node=Node 72(id=596919)}
  Finger{start=589964, interval=(589964,590475), node=Node 72(id=596919)}
  Finger{start=590476, interval=(590476,591499), node=Node 72(id=596919)}
  Finger{start=591500, interval=(591500,593547), node=Node 72(id=596919)}
  Finger{start=593548, interval=(593548,597643), node=Node 72(id=596919)}
  Finger{start=597644, interval=(597644,605835), node=Node 64(id=597851)}
  Finger{start=605836, interval=(605836,622219), node=Node 92(id=624893)}
  Finger{start=622220, interval=(622220,654987), node=Node 92(id=624893)}
  Finger{start=654988, interval=(654988,720523), node=Node 27(id=656893)}
  Finger{start=720524, interval=(720524,851595), node=Node 73(id=731283)}
  Finger{start=851596, interval=(851596,65163), node=Node 50(id=867657)}
  Finger{start=65164, interval=(65164,589452), node=Node 52(id=78994)}
}
Data : [566351, 580817, 583586, 577510, 576557, 581587, 577119, 589338]
Node : Node 52	Index: 78994	Neighbors: Node 89		FingerTable{
  Finger{start=78995, interval=(78995,78995), node=Node 89(id=79022)}
  Finger{start=78996, interval=(78996,78997), node=Node 89(id=79022)}
  Finger{start=78998, interval=(78998,79001), node=Node 89(id=79022)}
  Finger{start=79002, interval=(79002,79009), node=Node 89(id=79022)}
  Finger{start=79010, interval=(79010,79025), node=Node 89(id=79022)}
  Finger{start=79026, interval=(79026,79057), node=Node 67(id=93108)}
  Finger{start=79058, interval=(79058,79121), node=Node 67(id=93108)}
  Finger{start=79122, interval=(79122,79249), node=Node 67(id=93108)}
  Finger{start=79250, interval=(79250,79505), node=Node 67(id=93108)}
  Finger{start=79506, interval=(79506,80017), node=Node 67(id=93108)}
  Finger{start=80018, interval=(80018,81041), node=Node 67(id=93108)}
  Finger{start=81042, interval=(81042,83089), node=Node 67(id=93108)}
  Finger{start=83090, interval=(83090,87185), node=Node 67(id=93108)}
  Finger{start=87186, interval=(87186,95377), node=Node 67(id=93108)}
  Finger{start=95378, interval=(95378,111761), node=Node 63(id=104059)}
  Finger{start=111762, interval=(111762,144529), node=Node 98(id=121042)}
  Finger{start=144530, interval=(144530,210065), node=Node 22(id=145977)}
  Finger{start=210066, interval=(210066,341137), node=Node 56(id=226725)}
  Finger{start=341138, interval=(341138,603281), node=Node 32(id=343290)}
  Finger{start=603282, interval=(603282,78994), node=Node 92(id=624893)}
}
Data : [64095, 72963, 74475, 76904, 73652]
Node : Node 53	Index: 398339	Neighbors: Node 9		FingerTable{
  Finger{start=398340, interval=(398340,398340), node=Node 9(id=417774)}
  Finger{start=398341, interval=(398341,398342), node=Node 9(id=417774)}
  Finger{start=398343, interval=(398343,398346), node=Node 9(id=417774)}
  Finger{start=398347, interval=(398347,398354), node=Node 9(id=417774)}
  Finger{start=398355, interval=(398355,398370), node=Node 9(id=417774)}
  Finger{start=398371, interval=(398371,398402), node=Node 9(id=417774)}
  Finger{start=398403, interval=(398403,398466), node=Node 9(id=417774)}
  Finger{start=398467, interval=(398467,398594), node=Node 9(id=417774)}
  Finger{start=398595, interval=(398595,398850), node=Node 9(id=417774)}
  Finger{start=398851, interval=(398851,399362), node=Node 9(id=417774)}
  Finger{start=399363, interval=(399363,400386), node=Node 9(id=417774)}
  Finger{start=400387, interval=(400387,402434), node=Node 9(id=417774)}
  Finger{start=402435, interval=(402435,406530), node=Node 9(id=417774)}
  Finger{start=406531, interval=(406531,414722), node=Node 9(id=417774)}
  Finger{start=414723, interval=(414723,431106), node=Node 9(id=417774)}
  Finger{start=431107, interval=(431107,463874), node=Node 15(id=443061)}
  Finger{start=463875, interval=(463875,529410), node=Node 47(id=469295)}
  Finger{start=529411, interval=(529411,660482), node=Node 24(id=543325)}
  Finger{start=660483, interval=(660483,922626), node=Node 82(id=667902)}
  Finger{start=922627, interval=(922627,398339), node=Node 11(id=932868)}
}
Data : []
Node : Node 54	Index: 1028532	Neighbors: Node 49		FingerTable{
  Finger{start=1028533, interval=(1028533,1028533), node=Node 49(id=1032101)}
  Finger{start=1028534, interval=(1028534,1028535), node=Node 49(id=1032101)}
  Finger{start=1028536, interval=(1028536,1028539), node=Node 49(id=1032101)}
  Finger{start=1028540, interval=(1028540,1028547), node=Node 49(id=1032101)}
  Finger{start=1028548, interval=(1028548,1028563), node=Node 49(id=1032101)}
  Finger{start=1028564, interval=(1028564,1028595), node=Node 49(id=1032101)}
  Finger{start=1028596, interval=(1028596,1028659), node=Node 49(id=1032101)}
  Finger{start=1028660, interval=(1028660,1028787), node=Node 49(id=1032101)}
  Finger{start=1028788, interval=(1028788,1029043), node=Node 49(id=1032101)}
  Finger{start=1029044, interval=(1029044,1029555), node=Node 49(id=1032101)}
  Finger{start=1029556, interval=(1029556,1030579), node=Node 49(id=1032101)}
  Finger{start=1030580, interval=(1030580,1032627), node=Node 49(id=1032101)}
  Finger{start=1032628, interval=(1032628,1036723), node=Node 7(id=1037792)}
  Finger{start=1036724, interval=(1036724,1044915), node=Node 7(id=1037792)}
  Finger{start=1044916, interval=(1044916,12723), node=Node 16(id=1047135)}
  Finger{start=12724, interval=(12724,45491), node=Node 69(id=32742)}
  Finger{start=45492, interval=(45492,111027), node=Node 26(id=49587)}
  Finger{start=111028, interval=(111028,242099), node=Node 98(id=121042)}
  Finger{start=242100, interval=(242100,504243), node=Node 81(id=242682)}
  Finger{start=504244, interval=(504244,1028532), node=Node 60(id=512419)}
}
Data : [1022000, 1022106, 1027137]
Node : Node 55	Index: 63209	Neighbors: Node 52		FingerTable{
  Finger{start=63210, interval=(63210,63210), node=Node 52(id=78994)}
  Finger{start=63211, interval=(63211,63212), node=Node 52(id=78994)}
  Finger{start=63213, interval=(63213,63216), node=Node 52(id=78994)}
  Finger{start=63217, interval=(63217,63224), node=Node 52(id=78994)}
  Finger{start=63225, interval=(63225,63240), node=Node 52(id=78994)}
  Finger{start=63241, interval=(63241,63272), node=Node 52(id=78994)}
  Finger{start=63273, interval=(63273,63336), node=Node 52(id=78994)}
  Finger{start=63337, interval=(63337,63464), node=Node 52(id=78994)}
  Finger{start=63465, interval=(63465,63720), node=Node 52(id=78994)}
  Finger{start=63721, interval=(63721,64232), node=Node 52(id=78994)}
  Finger{start=64233, interval=(64233,65256), node=Node 52(id=78994)}
  Finger{start=65257, interval=(65257,67304), node=Node 52(id=78994)}
  Finger{start=67305, interval=(67305,71400), node=Node 52(id=78994)}
  Finger{start=71401, interval=(71401,79592), node=Node 52(id=78994)}
  Finger{start=79593, interval=(79593,95976), node=Node 67(id=93108)}
  Finger{start=95977, interval=(95977,128744), node=Node 63(id=104059)}
  Finger{start=128745, interval=(128745,194280), node=Node 97(id=137743)}
  Finger{start=194281, interval=(194281,325352), node=Node 14(id=198567)}
  Finger{start=325353, interval=(325353,587496), node=Node 32(id=343290)}
  Finger{start=587497, interval=(587497,63209), node=Node 51(id=589452)}
}
Data : [61302, 62481]
Node : Node 56	Index: 226725	Neighbors: Node 81		FingerTable{
  Finger{start=226726, interval=(226726,226726), node=Node 81(id=242682)}
  Finger{start=226727, interval=(226727,226728), node=Node 81(id=242682)}
  Finger{start=226729, interval=(226729,226732), node=Node 81(id=242682)}
  Finger{start=226733, interval=(226733,226740), node=Node 81(id=242682)}
  Finger{start=226741, interval=(226741,226756), node=Node 81(id=242682)}
  Finger{start=226757, interval=(226757,226788), node=Node 81(id=242682)}
  Finger{start=226789, interval=(226789,226852), node=Node 81(id=242682)}
  Finger{start=226853, interval=(226853,226980), node=Node 81(id=242682)}
  Finger{start=226981, interval=(226981,227236), node=Node 81(id=242682)}
  Finger{start=227237, interval=(227237,227748), node=Node 81(id=242682)}
  Finger{start=227749, interval=(227749,228772), node=Node 81(id=242682)}
  Finger{start=228773, interval=(228773,230820), node=Node 81(id=242682)}
  Finger{start=230821, interval=(230821,234916), node=Node 81(id=242682)}
  Finger{start=234917, interval=(234917,243108), node=Node 81(id=242682)}
  Finger{start=243109, interval=(243109,259492), node=Node 18(id=243886)}
  Finger{start=259493, interval=(259493,292260), node=Node 77(id=296316)}
  Finger{start=292261, interval=(292261,357796), node=Node 77(id=296316)}
  Finger{start=357797, interval=(357797,488868), node=Node 2(id=358666)}
  Finger{start=488869, interval=(488869,751012), node=Node 60(id=512419)}
  Finger{start=751013, interval=(751013,226725), node=Node 71(id=754233)}
}
Data : [220068, 202896, 211742, 209555, 200949, 200879, 217521, 206053, 223312, 210721]
Node : Node 57	Index: 397671	Neighbors: Node 53		FingerTable{
  Finger{start=397672, interval=(397672,397672), node=Node 53(id=398339)}
  Finger{start=397673, interval=(397673,397674), node=Node 53(id=398339)}
  Finger{start=397675, interval=(397675,397678), node=Node 53(id=398339)}
  Finger{start=397679, interval=(397679,397686), node=Node 53(id=398339)}
  Finger{start=397687, interval=(397687,397702), node=Node 53(id=398339)}
  Finger{start=397703, interval=(397703,397734), node=Node 53(id=398339)}
  Finger{start=397735, interval=(397735,397798), node=Node 53(id=398339)}
  Finger{start=397799, interval=(397799,397926), node=Node 53(id=398339)}
  Finger{start=397927, interval=(397927,398182), node=Node 53(id=398339)}
  Finger{start=398183, interval=(398183,398694), node=Node 53(id=398339)}
  Finger{start=398695, interval=(398695,399718), node=Node 9(id=417774)}
  Finger{start=399719, interval=(399719,401766), node=Node 9(id=417774)}
  Finger{start=401767, interval=(401767,405862), node=Node 9(id=417774)}
  Finger{start=405863, interval=(405863,414054), node=Node 9(id=417774)}
  Finger{start=414055, interval=(414055,430438), node=Node 9(id=417774)}
  Finger{start=430439, interval=(430439,463206), node=Node 15(id=443061)}
  Finger{start=463207, interval=(463207,528742), node=Node 47(id=469295)}
  Finger{start=528743, interval=(528743,659814), node=Node 24(id=543325)}
  Finger{start=659815, interval=(659815,921958), node=Node 82(id=667902)}
  Finger{start=921959, interval=(921959,397671), node=Node 11(id=932868)}
}
Data : [387785, 394959, 376562, 380056, 386985, 382672, 384149, 377274]
Node : Node 58	Index: 828750	Neighbors: Node 25		FingerTable{
  Finger{start=828751, interval=(828751,828751), node=Node 25(id=841502)}
  Finger{start=828752, interval=(828752,828753), node=Node 25(id=841502)}
  Finger{start=828754, interval=(828754,828757), node=Node 25(id=841502)}
  Finger{start=828758, interval=(828758,828765), node=Node 25(id=841502)}
  Finger{start=828766, interval=(828766,828781), node=Node 25(id=841502)}
  Finger{start=828782, interval=(828782,828813), node=Node 25(id=841502)}
  Finger{start=828814, interval=(828814,828877), node=Node 25(id=841502)}
  Finger{start=828878, interval=(828878,829005), node=Node 25(id=841502)}
  Finger{start=829006, interval=(829006,829261), node=Node 25(id=841502)}
  Finger{start=829262, interval=(829262,829773), node=Node 25(id=841502)}
  Finger{start=829774, interval=(829774,830797), node=Node 25(id=841502)}
  Finger{start=830798, interval=(830798,832845), node=Node 25(id=841502)}
  Finger{start=832846, interval=(832846,836941), node=Node 25(id=841502)}
  Finger{start=836942, interval=(836942,845133), node=Node 25(id=841502)}
  Finger{start=845134, interval=(845134,861517), node=Node 88(id=849108)}
  Finger{start=861518, interval=(861518,894285), node=Node 50(id=867657)}
  Finger{start=894286, interval=(894286,959821), node=Node 96(id=905813)}
  Finger{start=959822, interval=(959822,42317), node=Node 100(id=972944)}
  Finger{start=42318, interval=(42318,304461), node=Node 35(id=44082)}
  Finger{start=304462, interval=(304462,828750), node=Node 90(id=304581)}
}
Data : [827337]
Node : Node 59	Index: 787911	Neighbors: Node 10		FingerTable{
  Finger{start=787912, interval=(787912,787912), node=Node 10(id=789635)}
  Finger{start=787913, interval=(787913,787914), node=Node 10(id=789635)}
  Finger{start=787915, interval=(787915,787918), node=Node 10(id=789635)}
  Finger{start=787919, interval=(787919,787926), node=Node 10(id=789635)}
  Finger{start=787927, interval=(787927,787942), node=Node 10(id=789635)}
  Finger{start=787943, interval=(787943,787974), node=Node 10(id=789635)}
  Finger{start=787975, interval=(787975,788038), node=Node 10(id=789635)}
  Finger{start=788039, interval=(788039,788166), node=Node 10(id=789635)}
  Finger{start=788167, interval=(788167,788422), node=Node 10(id=789635)}
  Finger{start=788423, interval=(788423,788934), node=Node 10(id=789635)}
  Finger{start=788935, interval=(788935,789958), node=Node 10(id=789635)}
  Finger{start=789959, interval=(789959,792006), node=Node 84(id=800933)}
  Finger{start=792007, interval=(792007,796102), node=Node 84(id=800933)}
  Finger{start=796103, interval=(796103,804294), node=Node 84(id=800933)}
  Finger{start=804295, interval=(804295,820678), node=Node 42(id=822044)}
  Finger{start=820679, interval=(820679,853446), node=Node 42(id=822044)}
  Finger{start=853447, interval=(853447,918982), node=Node 50(id=867657)}
  Finger{start=918983, interval=(918983,1478), node=Node 11(id=932868)}
  Finger{start=1479, interval=(1479,263622), node=Node 70(id=10848)}
  Finger{start=263623, interval=(263623,787911), node=Node 77(id=296316)}
}
Data : [775863, 773780, 770129, 764640, 764183, 770574, 761298, 780604, 759636, 772555]
Node : Node 60	Index: 512419	Neighbors: Node 86		FingerTable{
  Finger{start=512420, interval=(512420,512420), node=Node 86(id=519537)}
  Finger{start=512421, interval=(512421,512422), node=Node 86(id=519537)}
  Finger{start=512423, interval=(512423,512426), node=Node 86(id=519537)}
  Finger{start=512427, interval=(512427,512434), node=Node 86(id=519537)}
  Finger{start=512435, interval=(512435,512450), node=Node 86(id=519537)}
  Finger{start=512451, interval=(512451,512482), node=Node 86(id=519537)}
  Finger{start=512483, interval=(512483,512546), node=Node 86(id=519537)}
  Finger{start=512547, interval=(512547,512674), node=Node 86(id=519537)}
  Finger{start=512675, interval=(512675,512930), node=Node 86(id=519537)}
  Finger{start=512931, interval=(512931,513442), node=Node 86(id=519537)}
  Finger{start=513443, interval=(513443,514466), node=Node 86(id=519537)}
  Finger{start=514467, interval=(514467,516514), node=Node 86(id=519537)}
  Finger{start=516515, interval=(516515,520610), node=Node 86(id=519537)}
  Finger{start=520611, interval=(520611,528802), node=Node 24(id=543325)}
  Finger{start=528803, interval=(528803,545186), node=Node 24(id=543325)}
  Finger{start=545187, interval=(545187,577954), node=Node 94(id=562497)}
  Finger{start=577955, interval=(577955,643490), node=Node 51(id=589452)}
  Finger{start=643491, interval=(643491,774562), node=Node 27(id=656893)}
  Finger{start=774563, interval=(774563,1036706), node=Node 59(id=787911)}
  Finger{start=1036707, interval=(1036707,512419), node=Node 7(id=1037792)}
}
Data : [490846, 497028, 498497]
Node : Node 61	Index: 368725	Neighbors: Node 80		FingerTable{
  Finger{start=368726, interval=(368726,368726), node=Node 80(id=370030)}
  Finger{start=368727, interval=(368727,368728), node=Node 80(id=370030)}
  Finger{start=368729, interval=(368729,368732), node=Node 80(id=370030)}
  Finger{start=368733, interval=(368733,368740), node=Node 80(id=370030)}
  Finger{start=368741, interval=(368741,368756), node=Node 80(id=370030)}
  Finger{start=368757, interval=(368757,368788), node=Node 80(id=370030)}
  Finger{start=368789, interval=(368789,368852), node=Node 80(id=370030)}
  Finger{start=368853, interval=(368853,368980), node=Node 80(id=370030)}
  Finger{start=368981, interval=(368981,369236), node=Node 80(id=370030)}
  Finger{start=369237, interval=(369237,369748), node=Node 80(id=370030)}
  Finger{start=369749, interval=(369749,370772), node=Node 80(id=370030)}
  Finger{start=370773, interval=(370773,372820), node=Node 57(id=397671)}
  Finger{start=372821, interval=(372821,376916), node=Node 57(id=397671)}
  Finger{start=376917, interval=(376917,385108), node=Node 57(id=397671)}
  Finger{start=385109, interval=(385109,401492), node=Node 57(id=397671)}
  Finger{start=401493, interval=(401493,434260), node=Node 9(id=417774)}
  Finger{start=434261, interval=(434261,499796), node=Node 15(id=443061)}
  Finger{start=499797, interval=(499797,630868), node=Node 60(id=512419)}
  Finger{start=630869, interval=(630869,893012), node=Node 76(id=631439)}
  Finger{start=893013, interval=(893013,368725), node=Node 96(id=905813)}
}
Data : [365809, 365036, 364906]
Node : Node 62	Index: 417802	Neighbors: Node 15		FingerTable{
  Finger{start=417803, interval=(417803,417803), node=Node 15(id=443061)}
  Finger{start=417804, interval=(417804,417805), node=Node 15(id=443061)}
  Finger{start=417806, interval=(417806,417809), node=Node 15(id=443061)}
  Finger{start=417810, interval=(417810,417817), node=Node 15(id=443061)}
  Finger{start=417818, interval=(417818,417833), node=Node 15(id=443061)}
  Finger{start=417834, interval=(417834,417865), node=Node 15(id=443061)}
  Finger{start=417866, interval=(417866,417929), node=Node 15(id=443061)}
  Finger{start=417930, interval=(417930,418057), node=Node 15(id=443061)}
  Finger{start=418058, interval=(418058,418313), node=Node 15(id=443061)}
  Finger{start=418314, interval=(418314,418825), node=Node 15(id=443061)}
  Finger{start=418826, interval=(418826,419849), node=Node 15(id=443061)}
  Finger{start=419850, interval=(419850,421897), node=Node 15(id=443061)}
  Finger{start=421898, interval=(421898,425993), node=Node 15(id=443061)}
  Finger{start=425994, interval=(425994,434185), node=Node 15(id=443061)}
  Finger{start=434186, interval=(434186,450569), node=Node 15(id=443061)}
  Finger{start=450570, interval=(450570,483337), node=Node 47(id=469295)}
  Finger{start=483338, interval=(483338,548873), node=Node 33(id=487976)}
  Finger{start=548874, interval=(548874,679945), node=Node 94(id=562497)}
  Finger{start=679946, interval=(679946,942089), node=Node 99(id=701252)}
  Finger{start=942090, interval=(942090,417802), node=Node 100(id=972944)}
}
Data : []
Node : Node 63	Index: 104059	Neighbors: Node 13		FingerTable{
  Finger{start=104060, interval=(104060,104060), node=Node 13(id=104463)}
  Finger{start=104061, interval=(104061,104062), node=Node 13(id=104463)}
  Finger{start=104063, interval=(104063,104066), node=Node 13(id=104463)}
  Finger{start=104067, interval=(104067,104074), node=Node 13(id=104463)}
  Finger{start=104075, interval=(104075,104090), node=Node 13(id=104463)}
  Finger{start=104091, interval=(104091,104122), node=Node 13(id=104463)}
  Finger{start=104123, interval=(104123,104186), node=Node 13(id=104463)}
  Finger{start=104187, interval=(104187,104314), node=Node 13(id=104463)}
  Finger{start=104315, interval=(104315,104570), node=Node 13(id=104463)}
  Finger{start=104571, interval=(104571,105082), node=Node 98(id=121042)}
  Finger{start=105083, interval=(105083,106106), node=Node 98(id=121042)}
  Finger{start=106107, interval=(106107,108154), node=Node 98(id=121042)}
  Finger{start=108155, interval=(108155,112250), node=Node 98(id=121042)}
  Finger{start=112251, interval=(112251,120442), node=Node 98(id=121042)}
  Finger{start=120443, interval=(120443,136826), node=Node 98(id=121042)}
  Finger{start=136827, interval=(136827,169594), node=Node 97(id=137743)}
  Finger{start=169595, interval=(169595,235130), node=Node 3(id=182411)}
  Finger{start=235131, interval=(235131,366202), node=Node 81(id=242682)}
  Finger{start=366203, interval=(366203,628346), node=Node 61(id=368725)}
  Finger{start=628347, interval=(628347,104059), node=Node 76(id=631439)}
}
Data : [100897, 96898]
Node : Node 64	Index: 597851	Neighbors: Node 92		FingerTable{
  Finger{start=597852, interval=(597852,597852), node=Node 92(id=624893)}
  Finger{start=597853, interval=(597853,597854), node=Node 92(id=624893)}
  Finger{start=597855, interval=(597855,597858), node=Node 92(id=624893)}
  Finger{start=597859, interval=(597859,597866), node=Node 92(id=624893)}
  Finger{start=597867, interval=(597867,597882), node=Node 92(id=624893)}
  Finger{start=597883, interval=(597883,597914), node=Node 92(id=624893)}
  Finger{start=597915, interval=(597915,597978), node=Node 92(id=624893)}
  Finger{start=597979, interval=(597979,598106), node=Node 92(id=624893)}
  Finger{start=598107, interval=(598107,598362), node=Node 92(id=624893)}
  Finger{start=598363, interval=(598363,598874), node=Node 92(id=624893)}
  Finger{start=598875, interval=(598875,599898), node=Node 92(id=624893)}
  Finger{start=599899, interval=(599899,601946), node=Node 92(id=624893)}
  Finger{start=601947, interval=(601947,606042), node=Node 92(id=624893)}
  Finger{start=606043, interval=(606043,614234), node=Node 92(id=624893)}
  Finger{start=614235, interval=(614235,630618), node=Node 92(id=624893)}
  Finger{start=630619, interval=(630619,663386), node=Node 76(id=631439)}
  Finger{start=663387, interval=(663387,728922), node=Node 82(id=667902)}
  Finger{start=728923, interval=(728923,859994), node=Node 73(id=731283)}
  Finger{start=859995, interval=(859995,73562), node=Node 50(id=867657)}
  Finger{start=73563, interval=(73563,597851), node=Node 52(id=78994)}
}
Data : []
Node : Node 65	Index: 1008	Neighbors: Node 70		FingerTable{
  Finger{start=1009, interval=(1009,1009), node=Node 70(id=10848)}
  Finger{start=1010, interval=(1010,1011), node=Node 70(id=10848)}
  Finger{start=1012, interval=(1012,1015), node=Node 70(id=10848)}
  Finger{start=1016, interval=(1016,1023), node=Node 70(id=10848)}
  Finger{start=1024, interval=(1024,1039), node=Node 70(id=10848)}
  Finger{start=1040, interval=(1040,1071), node=Node 70(id=10848)}
  Finger{start=1072, interval=(1072,1135), node=Node 70(id=10848)}
  Finger{start=1136, interval=(1136,1263), node=Node 70(id=10848)}
  Finger{start=1264, interval=(1264,1519), node=Node 70(id=10848)}
  Finger{start=1520, interval=(1520,2031), node=Node 70(id=10848)}
  Finger{start=2032, interval=(2032,3055), node=Node 70(id=10848)}
  Finger{start=3056, interval=(3056,5103), node=Node 70(id=10848)}
  Finger{start=5104, interval=(5104,9199), node=Node 70(id=10848)}
  Finger{start=9200, interval=(9200,17391), node=Node 70(id=10848)}
  Finger{start=17392, interval=(17392,33775), node=Node 69(id=32742)}
  Finger{start=33776, interval=(33776,66543), node=Node 40(id=35039)}
  Finger{start=66544, interval=(66544,132079), node=Node 52(id=78994)}
  Finger{start=132080, interval=(132080,263151), node=Node 97(id=137743)}
  Finger{start=263152, interval=(263152,525295), node=Node 77(id=296316)}
  Finger{start=525296, interval=(525296,1008), node=Node 24(id=543325)}
}
Data : []
Node : Node 66	Index: 488485	Neighbors: Node 60		FingerTable{
  Finger{start=488486, interval=(488486,488486), node=Node 60(id=512419)}
  Finger{start=488487, interval=(488487,488488), node=Node 60(id=512419)}
  Finger{start=488489, interval=(488489,488492), node=Node 60(id=512419)}
  Finger{start=488493, interval=(488493,488500), node=Node 60(id=512419)}
  Finger{start=488501, interval=(488501,488516), node=Node 60(id=512419)}
  Finger{start=488517, interval=(488517,488548), node=Node 60(id=512419)}
  Finger{start=488549, interval=(488549,488612), node=Node 60(id=512419)}
  Finger{start=488613, interval=(488613,488740), node=Node 60(id=512419)}
  Finger{start=488741, interval=(488741,488996), node=Node 60(id=512419)}
  Finger{start=488997, interval=(488997,489508), node=Node 60(id=512419)}
  Finger{start=489509, interval=(489509,490532), node=Node 60(id=512419)}
  Finger{start=490533, interval=(490533,492580), node=Node 60(id=512419)}
  Finger{start=492581, interval=(492581,496676), node=Node 60(id=512419)}
  Finger{start=496677, interval=(496677,504868), node=Node 60(id=512419)}
  Finger{start=504869, interval=(504869,521252), node=Node 60(id=512419)}
  Finger{start=521253, interval=(521253,554020), node=Node 24(id=543325)}
  Finger{start=554021, interval=(554021,619556), node=Node 94(id=562497)}
  Finger{start=619557, interval=(619557,750628), node=Node 92(id=624893)}
  Finger{start=750629, interval=(750629,1012772), node=Node 71(id=754233)}
  Finger{start=1012773, interval=(1012773,488485), node=Node 54(id=1028532)}
}
Data : []
Node : Node 67	Index: 93108	Neighbors: Node 79		FingerTable{
  Finger{start=93109, interval=(93109,93109), node=Node 79(id=94947)}
  Finger{start=93110, interval=(93110,93111), node=Node 79(id=94947)}
  Finger{start=93112, interval=(93112,93115), node=Node 79(id=94947)}
  Finger{start=93116, interval=(93116,93123), node=Node 79(id=94947)}
  Finger{start=93124, interval=(93124,93139), node=Node 79(id=94947)}
  Finger{start=93140, interval=(93140,93171), node=Node 79(id=94947)}
  Finger{start=93172, interval=(93172,93235), node=Node 79(id=94947)}
  Finger{start=93236, interval=(93236,93363), node=Node 79(id=94947)}
  Finger{start=93364, interval=(93364,93619), node=Node 79(id=94947)}
  Finger{start=93620, interval=(93620,94131), node=Node 79(id=94947)}
  Finger{start=94132, interval=(94132,95155), node=Node 79(id=94947)}
  Finger{start=95156, interval=(95156,97203), node=Node 63(id=104059)}
  Finger{start=97204, interval=(97204,101299), node=Node 63(id=104059)}
  Finger{start=101300, interval=(101300,109491), node=Node 63(id=104059)}
  Finger{start=109492, interval=(109492,125875), node=Node 98(id=121042)}
  Finger{start=125876, interval=(125876,158643), node=Node 97(id=137743)}
  Finger{start=158644, interval=(158644,224179), node=Node 20(id=166765)}
  Finger{start=224180, interval=(224180,355251), node=Node 56(id=226725)}
  Finger{start=355252, interval=(355252,617395), node=Node 2(id=358666)}
  Finger{start=617396, interval=(617396,93108), node=Node 92(id=624893)}
}
Data : [82870]
Node : Node 68	Index: 994329	Neighbors: Node 44		FingerTable{
  Finger{start=994330, interval=(994330,994330), node=Node 44(id=1008270)}
  Finger{start=994331, interval=(994331,994332), node=Node 44(id=1008270)}
  Finger{start=994333, interval=(994333,994336), node=Node 44(id=1008270)}
  Finger{start=994337, interval=(994337,994344), node=Node 44(id=1008270)}
  Finger{start=994345, interval=(994345,994360), node=Node 44(id=1008270)}
  Finger{start=994361, interval=(994361,994392), node=Node 44(id=1008270)}
  Finger{start=994393, interval=(994393,994456), node=Node 44(id=1008270)}
  Finger{start=994457, interval=(994457,994584), node=Node 44(id=1008270)}
  Finger{start=994585, interval=(994585,994840), node=Node 44(id=1008270)}
  Finger{start=994841, interval=(994841,995352), node=Node 44(id=1008270)}
  Finger{start=995353, interval=(995353,996376), node=Node 44(id=1008270)}
  Finger{start=996377, interval=(996377,998424), node=Node 44(id=1008270)}
  Finger{start=998425, interval=(998425,1002520), node=Node 44(id=1008270)}
  Finger{start=1002521, interval=(1002521,1010712), node=Node 44(id=1008270)}
  Finger{start=1010713, interval=(1010713,1027096), node=Node 54(id=1028532)}
  Finger{start=1027097, interval=(1027097,11288), node=Node 54(id=1028532)}
  Finger{start=11289, interval=(11289,76824), node=Node 69(id=32742)}
  Finger{start=76825, interval=(76825,207896), node=Node 52(id=78994)}
  Finger{start=207897, interval=(207897,470040), node=Node 56(id=226725)}
  Finger{start=470041, interval=(470041,994329), node=Node 33(id=487976)}
}
Data : [991580, 984834, 992696, 989141, 979703, 974655]
Node : Node 69	Index: 32742	Neighbors: Node 40		FingerTable{
  Finger{start=32743, interval=(32743,32743), node=Node 40(id=35039)}
  Finger{start=32744, interval=(32744,32745), node=Node 40(id=35039)}
  Finger{start=32746, interval=(32746,32749), node=Node 40(id=35039)}
  Finger{start=32750, interval=(32750,32757), node=Node 40(id=35039)}
  Finger{start=32758, interval=(32758,32773), node=Node 40(id=35039)}
  Finger{start=32774, interval=(32774,32805), node=Node 40(id=35039)}
  Finger{start=32806, interval=(32806,32869), node=Node 40(id=35039)}
  Finger{start=32870, interval=(32870,32997), node=Node 40(id=35039)}
  Finger{start=32998, interval=(32998,33253), node=Node 40(id=35039)}
  Finger{start=33254, interval=(33254,33765), node=Node 40(id=35039)}
  Finger{start=33766, interval=(33766,34789), node=Node 40(id=35039)}
  Finger{start=34790, interval=(34790,36837), node=Node 40(id=35039)}
  Finger{start=36838, interval=(36838,40933), node=Node 21(id=38388)}
  Finger{start=40934, interval=(40934,49125), node=Node 39(id=41124)}
  Finger{start=49126, interval=(49126,65509), node=Node 26(id=49587)}
  Finger{start=65510, interval=(65510,98277), node=Node 52(id=78994)}
  Finger{start=98278, interval=(98278,163813), node=Node 63(id=104059)}
  Finger{start=163814, interval=(163814,294885), node=Node 20(id=166765)}
  Finger{start=294886, interval=(294886,557029), node=Node 77(id=296316)}
  Finger{start=557030, interval=(557030,32742), node=Node 94(id=562497)}
}
Data : [27657, 22841, 29278, 18315, 13291, 22267, 13535, 20928, 28736, 25694, 17847, 13823, 11810]
Node : Node 70	Index: 10848	Neighbors: Node 69		FingerTable{
  Finger{start=10849, interval=(10849,10849), node=Node 69(id=32742)}
  Finger{start=10850, interval=(10850,10851), node=Node 69(id=32742)}
  Finger{start=10852, interval=(10852,10855), node=Node 69(id=32742)}
  Finger{start=10856, interval=(10856,10863), node=Node 69(id=32742)}
  Finger{start=10864, interval=(10864,10879), node=Node 69(id=32742)}
  Finger{start=10880, interval=(10880,10911), node=Node 69(id=32742)}
  Finger{start=10912, interval=(10912,10975), node=Node 69(id=32742)}
  Finger{start=10976, interval=(10976,11103), node=Node 69(id=32742)}
  Finger{start=11104, interval=(11104,11359), node=Node 69(id=32742)}
  Finger{start=11360, interval=(11360,11871), node=Node 69(id=32742)}
  Finger{start=11872, interval=(11872,12895), node=Node 69(id=32742)}
  Finger{start=12896, interval=(12896,14943), node=Node 69(id=32742)}
  Finger{start=14944, interval=(14944,19039), node=Node 69(id=32742)}
  Finger{start=19040, interval=(19040,27231), node=Node 69(id=32742)}
  Finger{start=27232, interval=(27232,43615), node=Node 69(id=32742)}
  Finger{start=43616, interval=(43616,76383), node=Node 35(id=44082)}
  Finger{start=76384, interval=(76384,141919), node=Node 52(id=78994)}
  Finger{start=141920, interval=(141920,272991), node=Node 22(id=145977)}
  Finger{start=272992, interval=(272992,535135), node=Node 77(id=296316)}
  Finger{start=535136, interval=(535136,10848), node=Node 24(id=543325)}
}
Data : [10732, 9249, 1634, 7183]
Node : Node 71	Index: 754233	Neighbors: Node 29		FingerTable{
  Finger{start=754234, interval=(754234,754234), node=Node 29(id=759141)}
  Finger{start=754235, interval=(754235,754236), node=Node 29(id=759141)}
  Finger{start=754237, interval=(754237,754240), node=Node 29(id=759141)}
  Finger{start=754241, interval=(754241,754248), node=Node 29(id=759141)}
  Finger{start=754249, interval=(754249,754264), node=Node 29(id=759141)}
  Finger{start=754265, interval=(754265,754296), node=Node 29(id=759141)}
  Finger{start=754297, interval=(754297,754360), node=Node 29(id=759141)}
  Finger{start=754361, interval=(754361,754488), node=Node 29(id=759141)}
  Finger{start=754489, interval=(754489,754744), node=Node 29(id=759141)}
  Finger{start=754745, interval=(754745,755256), node=Node 29(id=759141)}
  Finger{start=755257, interval=(755257,756280), node=Node 29(id=759141)}
  Finger{start=756281, interval=(756281,758328), node=Node 29(id=759141)}
  Finger{start=758329, interval=(758329,762424), node=Node 29(id=759141)}
  Finger{start=762425, interval=(762425,770616), node=Node 59(id=787911)}
  Finger{start=770617, interval=(770617,787000), node=Node 59(id=787911)}
  Finger{start=787001, interval=(787001,819768), node=Node 59(id=787911)}
  Finger{start=819769, interval=(819769,885304), node=Node 42(id=822044)}
  Finger{start=885305, interval=(885305,1016376), node=Node 96(id=905813)}
  Finger{start=1016377, interval=(1016377,229944), node=Node 54(id=1028532)}
  Finger{start=229945, interval=(229945,754233), node=Node 81(id=242682)}
}
Data : [746691]
Node : Node 72	Index: 596919	Neighbors: Node 64		FingerTable{
  Finger{start=596920, interval=(596920,596920), node=Node 64(id=597851)}
  Finger{start=596921, interval=(596921,596922), node=Node 64(id=597851)}
  Finger{start=596923, interval=(596923,596926), node=Node 64(id=597851)}
  Finger{start=596927, interval=(596927,596934), node=Node 64(id=597851)}
  Finger{start=596935, interval=(596935,596950), node=Node 64(id=597851)}
  Finger{start=596951, interval=(596951,596982), node=Node 64(id=597851)}
  Finger{start=596983, interval=(596983,597046), node=Node 64(id=597851)}
  Finger{start=597047, interval=(597047,597174), node=Node 64(id=597851)}
  Finger{start=597175, interval=(597175,597430), node=Node 64(id=597851)}
  Finger{start=597431, interval=(597431,597942), node=Node 64(id=597851)}
  Finger{start=597943, interval=(597943,598966), node=Node 92(id=624893)}
  Finger{start=598967, interval=(598967,601014), node=Node 92(id=624893)}
  Finger{start=601015, interval=(601015,605110), node=Node 92(id=624893)}
  Finger{start=605111, interval=(605111,613302), node=Node 92(id=624893)}
  Finger{start=613303, interval=(613303,629686), node=Node 92(id=624893)}
  Finger{start=629687, interval=(629687,662454), node=Node 76(id=631439)}
  Finger{start=662455, interval=(662455,727990), node=Node 82(id=667902)}
  Finger{start=727991, interval=(727991,859062), node=Node 73(id=731283)}
  Finger{start=859063, interval=(859063,72630), node=Node 50(id=867657)}
  Finger{start=72631, interval=(72631,596919), node=Node 52(id=78994)}
}
Data : [591431, 596898]
Node : Node 73	Index: 731283	Neighbors: Node 5		FingerTable{
  Finger{start=731284, interval=(731284,731284), node=Node 5(id=743265)}
  Finger{start=731285, interval=(731285,731286), node=Node 5(id=743265)}
  Finger{start=731287, interval=(731287,731290), node=Node 5(id=743265)}
  Finger{start=731291, interval=(731291,731298), node=Node 5(id=743265)}
  Finger{start=731299, interval=(731299,731314), node=Node 5(id=743265)}
  Finger{start=731315, interval=(731315,731346), node=Node 5(id=743265)}
  Finger{start=731347, interval=(731347,731410), node=Node 5(id=743265)}
  Finger{start=731411, interval=(731411,731538), node=Node 5(id=743265)}
  Finger{start=731539, interval=(731539,731794), node=Node 5(id=743265)}
  Finger{start=731795, interval=(731795,732306), node=Node 5(id=743265)}
  Finger{start=732307, interval=(732307,733330), node=Node 5(id=743265)}
  Finger{start=733331, interval=(733331,735378), node=Node 5(id=743265)}
  Finger{start=735379, interval=(735379,739474), node=Node 5(id=743265)}
  Finger{start=739475, interval=(739475,747666), node=Node 5(id=743265)}
  Finger{start=747667, interval=(747667,764050), node=Node 71(id=754233)}
  Finger{start=764051, interval=(764051,796818), node=Node 59(id=787911)}
  Finger{start=796819, interval=(796819,862354), node=Node 84(id=800933)}
  Finger{start=862355, interval=(862355,993426), node=Node 50(id=867657)}
  Finger{start=993427, interval=(993427,206994), node=Node 68(id=994329)}
  Finger{start=206995, interval=(206995,731283), node=Node 56(id=226725)}
}
Data : [721012, 720182, 728116, 723144]
Node : Node 74	Index: 315708	Neighbors: Node 41		FingerTable{
  Finger{start=315709, interval=(315709,315709), node=Node 41(id=320139)}
  Finger{start=315710, interval=(315710,315711), node=Node 41(id=320139)}
  Finger{start=315712, interval=(315712,315715), node=Node 41(id=320139)}
  Finger{start=315716, interval=(315716,315723), node=Node 41(id=320139)}
  Finger{start=315724, interval=(315724,315739), node=Node 41(id=320139)}
  Finger{start=315740, interval=(315740,315771), node=Node 41(id=320139)}
  Finger{start=315772, interval=(315772,315835), node=Node 41(id=320139)}
  Finger{start=315836, interval=(315836,315963), node=Node 41(id=320139)}
  Finger{start=315964, interval=(315964,316219), node=Node 41(id=320139)}
  Finger{start=316220, interval=(316220,316731), node=Node 41(id=320139)}
  Finger{start=316732, interval=(316732,317755), node=Node 41(id=320139)}
  Finger{start=317756, interval=(317756,319803), node=Node 41(id=320139)}
  Finger{start=319804, interval=(319804,323899), node=Node 41(id=320139)}
  Finger{start=323900, interval=(323900,332091), node=Node 32(id=343290)}
  Finger{start=332092, interval=(332092,348475), node=Node 32(id=343290)}
  Finger{start=348476, interval=(348476,381243), node=Node 2(id=358666)}
  Finger{start=381244, interval=(381244,446779), node=Node 57(id=397671)}
  Finger{start=446780, interval=(446780,577851), node=Node 47(id=469295)}
  Finger{start=577852, interval=(577852,839995), node=Node 51(id=589452)}
  Finger{start=839996, interval=(839996,315708), node=Node 25(id=841502)}
}
Data : [314489]
Node : Node 75	Index: 636833	Neighbors: Node 28		FingerTable{
  Finger{start=636834, interval=(636834,636834), node=Node 28(id=640525)}
  Finger{start=636835, interval=(636835,636836), node=Node 28(id=640525)}
  Finger{start=636837, interval=(636837,636840), node=Node 28(id=640525)}
  Finger{start=636841, interval=(636841,636848), node=Node 28(id=640525)}
  Finger{start=636849, interval=(636849,636864), node=Node 28(id=640525)}
  Finger{start=636865, interval=(636865,636896), node=Node 28(id=640525)}
  Finger{start=636897, interval=(636897,636960), node=Node 28(id=640525)}
  Finger{start=636961, interval=(636961,637088), node=Node 28(id=640525)}
  Finger{start=637089, interval=(637089,637344), node=Node 28(id=640525)}
  Finger{start=637345, interval=(637345,637856), node=Node 28(id=640525)}
  Finger{start=637857, interval=(637857,638880), node=Node 28(id=640525)}
  Finger{start=638881, interval=(638881,640928), node=Node 28(id=640525)}
  Finger{start=640929, interval=(640929,645024), node=Node 27(id=656893)}
  Finger{start=645025, interval=(645025,653216), node=Node 27(id=656893)}
  Finger{start=653217, interval=(653217,669600), node=Node 27(id=656893)}
  Finger{start=669601, interval=(669601,702368), node=Node 78(id=675265)}
  Finger{start=702369, interval=(702369,767904), node=Node 8(id=709209)}
  Finger{start=767905, interval=(767905,898976), node=Node 59(id=787911)}
  Finger{start=898977, interval=(898977,112544), node=Node 96(id=905813)}
  Finger{start=112545, interval=(112545,636833), node=Node 98(id=121042)}
}
Data : [636336]
Node : Node 76	Index: 631439	Neighbors: Node 37		FingerTable{
  Finger{start=631440, interval=(631440,631440), node=Node 37(id=633803)}
  Finger{start=631441, interval=(631441,631442), node=Node 37(id=633803)}
  Finger{start=631443, interval=(631443,631446), node=Node 37(id=633803)}
  Finger{start=631447, interval=(631447,631454), node=Node 37(id=633803)}
  Finger{start=631455, interval=(631455,631470), node=Node 37(id=633803)}
  Finger{start=631471, interval=(631471,631502), node=Node 37(id=633803)}
  Finger{start=631503, interval=(631503,631566), node=Node 37(id=633803)}
  Finger{start=631567, interval=(631567,631694), node=Node 37(id=633803)}
  Finger{start=631695, interval=(631695,631950), node=Node 37(id=633803)}
  Finger{start=631951, interval=(631951,632462), node=Node 37(id=633803)}
  Finger{start=632463, interval=(632463,633486), node=Node 37(id=633803)}
  Finger{start=633487, interval=(633487,635534), node=Node 37(id=633803)}
  Finger{start=635535, interval=(635535,639630), node=Node 75(id=636833)}
  Finger{start=639631, interval=(639631,647822), node=Node 28(id=640525)}
  Finger{start=647823, interval=(647823,664206), node=Node 27(id=656893)}
  Finger{start=664207, interval=(664207,696974), node=Node 82(id=667902)}
  Finger{start=696975, interval=(696975,762510), node=Node 99(id=701252)}
  Finger{start=762511, interval=(762511,893582), node=Node 59(id=787911)}
  Finger{start=893583, interval=(893583,107150), node=Node 96(id=905813)}
  Finger{start=107151, interval=(107151,631439), node=Node 98(id=121042)}
}
Data : [628826, 628260]
Node : Node 77	Index: 296316	Neighbors: Node 23		FingerTable{
  Finger{start=296317, interval=(296317,296317), node=Node 23(id=302219)}
  Finger{start=296318, interval=(296318,296319), node=Node 23(id=302219)}
  Finger{start=296320, interval=(296320,296323), node=Node 23(id=302219)}
  Finger{start=296324, interval=(296324,296331), node=Node 23(id=302219)}
  Finger{start=296332, interval=(296332,296347), node=Node 23(id=302219)}
  Finger{start=296348, interval=(296348,296379), node=Node 23(id=302219)}
  Finger{start=296380, interval=(296380,296443), node=Node 23(id=302219)}
  Finger{start=296444, interval=(296444,296571), node=Node 23(id=302219)}
  Finger{start=296572, interval=(296572,296827), node=Node 23(id=302219)}
  Finger{start=296828, interval=(296828,297339), node=Node 23(id=302219)}
  Finger{start=297340, interval=(297340,298363), node=Node 23(id=302219)}
  Finger{start=298364, interval=(298364,300411), node=Node 23(id=302219)}
  Finger{start=300412, interval=(300412,304507), node=Node 23(id=302219)}
  Finger{start=304508, interval=(304508,312699), node=Node 90(id=304581)}
  Finger{start=312700, interval=(312700,329083), node=Node 74(id=315708)}
  Finger{start=329084, interval=(329084,361851), node=Node 32(id=343290)}
  Finger{start=361852, interval=(361852,427387), node=Node 61(id=368725)}
  Finger{start=427388, interval=(427388,558459), node=Node 15(id=443061)}
  Finger{start=558460, interval=(558460,820603), node=Node 94(id=562497)}
  Finger{start=820604, interval=(820604,296316), node=Node 42(id=822044)}
}
Data : [286925, 275956, 281791, 285223, 288840, 294971, 271347, 252851, 275738, 289320]
Node : Node 78	Index: 675265	Neighbors: Node 99		FingerTable{
  Finger{start=675266, interval=(675266,675266), node=Node 99(id=701252)}
  Finger{start=675267, interval=(675267,675268), node=Node 99(id=701252)}
  Finger{start=675269, interval=(675269,675272), node=Node 99(id=701252)}
  Finger{start=675273, interval=(675273,675280), node=Node 99(id=701252)}
  Finger{start=675281, interval=(675281,675296), node=Node 99(id=701252)}
  Finger{start=675297, interval=(675297,675328), node=Node 99(id=701252)}
  Finger{start=675329, interval=(675329,675392), node=Node 99(id=701252)}
  Finger{start=675393, interval=(675393,675520), node=Node 99(id=701252)}
  Finger{start=675521, interval=(675521,675776), node=Node 99(id=701252)}
  Finger{start=675777, interval=(675777,676288), node=Node 99(id=701252)}
  Finger{start=676289, interval=(676289,677312), node=Node 99(id=701252)}
  Finger{start=677313, interval=(677313,679360), node=Node 99(id=701252)}
  Finger{start=679361, interval=(679361,683456), node=Node 99(id=701252)}
  Finger{start=683457, interval=(683457,691648), node=Node 99(id=701252)}
  Finger{start=691649, interval=(691649,708032), node=Node 99(id=701252)}
  Finger{start=708033, interval=(708033,740800), node=Node 8(id=709209)}
  Finger{start=740801, interval=(740801,806336), node=Node 5(id=743265)}
  Finger{start=806337, interval=(806337,937408), node=Node 42(id=822044)}
  Finger{start=937409, interval=(937409,150976), node=Node 100(id=972944)}
  Finger{start=150977, interval=(150977,675265), node=Node 20(id=166765)}
}
Data : [674801, 667983, 673531, 672747, 671382]
Node : Node 79	Index: 94947	Neighbors: Node 63		FingerTable{
  Finger{start=94948, interval=(94948,94948), node=Node 63(id=104059)}
  Finger{start=94949, interval=(94949,94950), node=Node 63(id=104059)}
  Finger{start=94951, interval=(94951,94954), node=Node 63(id=104059)}
  Finger{start=94955, interval=(94955,94962), node=Node 63(id=104059)}
  Finger{start=94963, interval=(94963,94978), node=Node 63(id=104059)}
  Finger{start=94979, interval=(94979,95010), node=Node 63(id=104059)}
  Finger{start=95011, interval=(95011,95074), node=Node 63(id=104059)}
  Finger{start=95075, interval=(95075,95202), node=Node 63(id=104059)}
  Finger{start=95203, interval=(95203,95458), node=Node 63(id=104059)}
  Finger{start=95459, interval=(95459,95970), node=Node 63(id=104059)}
  Finger{start=95971, interval=(95971,96994), node=Node 63(id=104059)}
  Finger{start=96995, interval=(96995,99042), node=Node 63(id=104059)}
  Finger{start=99043, interval=(99043,103138), node=Node 63(id=104059)}
  Finger{start=103139, interval=(103139,111330), node=Node 63(id=104059)}
  Finger{start=111331, interval=(111331,127714), node=Node 98(id=121042)}
  Finger{start=127715, interval=(127715,160482), node=Node 97(id=137743)}
  Finger{start=160483, interval=(160483,226018), node=Node 20(id=166765)}
  Finger{start=226019, interval=(226019,357090), node=Node 56(id=226725)}
  Finger{start=357091, interval=(357091,619234), node=Node 2(id=358666)}
  Finger{start=619235, interval=(619235,94947), node=Node 92(id=624893)}
}
Data : []
Node : Node 80	Index: 370030	Neighbors: Node 57		FingerTable{
  Finger{start=370031, interval=(370031,370031), node=Node 57(id=397671)}
  Finger{start=370032, interval=(370032,370033), node=Node 57(id=397671)}
  Finger{start=370034, interval=(370034,370037), node=Node 57(id=397671)}
  Finger{start=370038, interval=(370038,370045), node=Node 57(id=397671)}
  Finger{start=370046, interval=(370046,370061), node=Node 57(id=397671)}
  Finger{start=370062, interval=(370062,370093), node=Node 57(id=397671)}
  Finger{start=370094, interval=(370094,370157), node=Node 57(id=397671)}
  Finger{start=370158, interval=(370158,370285), node=Node 57(id=397671)}
  Finger{start=370286, interval=(370286,370541), node=Node 57(id=397671)}
  Finger{start=370542, interval=(370542,371053), node=Node 57(id=397671)}
  Finger{start=371054, interval=(371054,372077), node=Node 57(id=397671)}
  Finger{start=372078, interval=(372078,374125), node=Node 57(id=397671)}
  Finger{start=374126, interval=(374126,378221), node=Node 57(id=397671)}
  Finger{start=378222, interval=(378222,386413), node=Node 57(id=397671)}
  Finger{start=386414, interval=(386414,402797), node=Node 57(id=397671)}
  Finger{start=402798, interval=(402798,435565), node=Node 9(id=417774)}
  Finger{start=435566, interval=(435566,501101), node=Node 15(id=443061)}
  Finger{start=501102, interval=(501102,632173), node=Node 60(id=512419)}
  Finger{start=632174, interval=(632174,894317), node=Node 37(id=633803)}
  Finger{start=894318, interval=(894318,370030), node=Node 96(id=905813)}
}
Data : []
Node : Node 81	Index: 242682	Neighbors: Node 18		FingerTable{
  Finger{start=242683, interval=(242683,242683), node=Node 18(id=243886)}
  Finger{start=242684, interval=(242684,242685), node=Node 18(id=243886)}
  Finger{start=242686, interval=(242686,242689), node=Node 18(id=243886)}
  Finger{start=242690, interval=(242690,242697), node=Node 18(id=243886)}
  Finger{start=242698, interval=(242698,242713), node=Node 18(id=243886)}
  Finger{start=242714, interval=(242714,242745), node=Node 18(id=243886)}
  Finger{start=242746, interval=(242746,242809), node=Node 18(id=243886)}
  Finger{start=242810, interval=(242810,242937), node=Node 18(id=243886)}
  Finger{start=242938, interval=(242938,243193), node=Node 18(id=243886)}
  Finger{start=243194, interval=(243194,243705), node=Node 18(id=243886)}
  Finger{start=243706, interval=(243706,244729), node=Node 18(id=243886)}
  Finger{start=244730, interval=(244730,246777), node=Node 77(id=296316)}
  Finger{start=246778, interval=(246778,250873), node=Node 77(id=296316)}
  Finger{start=250874, interval=(250874,259065), node=Node 77(id=296316)}
  Finger{start=259066, interval=(259066,275449), node=Node 77(id=296316)}
  Finger{start=275450, interval=(275450,308217), node=Node 77(id=296316)}
  Finger{start=308218, interval=(308218,373753), node=Node 74(id=315708)}
  Finger{start=373754, interval=(373754,504825), node=Node 57(id=397671)}
  Finger{start=504826, interval=(504826,766969), node=Node 60(id=512419)}
  Finger{start=766970, interval=(766970,242682), node=Node 59(id=787911)}
}
Data : [236821, 239103, 230100, 228983, 227908, 235659, 236577]
Node : Node 82	Index: 667902	Neighbors: Node 78		FingerTable{
  Finger{start=667903, interval=(667903,667903), node=Node 78(id=675265)}
  Finger{start=667904, interval=(667904,667905), node=Node 78(id=675265)}
  Finger{start=667906, interval=(667906,667909), node=Node 78(id=675265)}
  Finger{start=667910, interval=(667910,667917), node=Node 78(id=675265)}
  Finger{start=667918, interval=(667918,667933), node=Node 78(id=675265)}
  Finger{start=667934, interval=(667934,667965), node=Node 78(id=675265)}
  Finger{start=667966, interval=(667966,668029), node=Node 78(id=675265)}
  Finger{start=668030, interval=(668030,668157), node=Node 78(id=675265)}
  Finger{start=668158, interval=(668158,668413), node=Node 78(id=675265)}
  Finger{start=668414, interval=(668414,668925), node=Node 78(id=675265)}
  Finger{start=668926, interval=(668926,669949), node=Node 78(id=675265)}
  Finger{start=669950, interval=(669950,671997), node=Node 78(id=675265)}
  Finger{start=671998, interval=(671998,676093), node=Node 78(id=675265)}
  Finger{start=676094, interval=(676094,684285), node=Node 99(id=701252)}
  Finger{start=684286, interval=(684286,700669), node=Node 99(id=701252)}
  Finger{start=700670, interval=(700670,733437), node=Node 99(id=701252)}
  Finger{start=733438, interval=(733438,798973), node=Node 5(id=743265)}
  Finger{start=798974, interval=(798974,930045), node=Node 84(id=800933)}
  Finger{start=930046, interval=(930046,143613), node=Node 11(id=932868)}
  Finger{start=143614, interval=(143614,667902), node=Node 22(id=145977)}
}
Data : [660301, 662334]
Node : Node 83	Index: 344719	Neighbors: Node 2		FingerTable{
  Finger{start=344720, interval=(344720,344720), node=Node 2(id=358666)}
  Finger{start=344721, interval=(344721,344722), node=Node 2(id=358666)}
  Finger{start=344723, interval=(344723,344726), node=Node 2(id=358666)}
  Finger{start=344727, interval=(344727,344734), node=Node 2(id=358666)}
  Finger{start=344735, interval=(344735,344750), node=Node 2(id=358666)}
  Finger{start=344751, interval=(344751,344782), node=Node 2(id=358666)}
  Finger{start=344783, interval=(344783,344846), node=Node 2(id=358666)}
  Finger{start=344847, interval=(344847,344974), node=Node 2(id=358666)}
  Finger{start=344975, interval=(344975,345230), node=Node 2(id=358666)}
  Finger{start=345231, interval=(345231,345742), node=Node 2(id=358666)}
  Finger{start=345743, interval=(345743,346766), node=Node 2(id=358666)}
  Finger{start=346767, interval=(346767,348814), node=Node 2(id=358666)}
  Finger{start=348815, interval=(348815,352910), node=Node 2(id=358666)}
  Finger{start=352911, interval=(352911,361102), node=Node 2(id=358666)}
  Finger{start=361103, interval=(361103,377486), node=Node 61(id=368725)}
  Finger{start=377487, interval=(377487,410254), node=Node 57(id=397671)}
  Finger{start=410255, interval=(410255,475790), node=Node 9(id=417774)}
  Finger{start=475791, interval=(475791,606862), node=Node 33(id=487976)}
  Finger{start=606863, interval=(606863,869006), node=Node 92(id=624893)}
  Finger{start=869007, interval=(869007,344719), node=Node 85(id=878925)}
}
Data : []
Node : Node 84	Index: 800933	Neighbors: Node 45		FingerTable{
  Finger{start=800934, interval=(800934,800934), node=Node 45(id=803121)}
  Finger{start=800935, interval=(800935,800936), node=Node 45(id=803121)}
  Finger{start=800937, interval=(800937,800940), node=Node 45(id=803121)}
  Finger{start=800941, interval=(800941,800948), node=Node 45(id=803121)}
  Finger{start=800949, interval=(800949,800964), node=Node 45(id=803121)}
  Finger{start=800965, interval=(800965,800996), node=Node 45(id=803121)}
  Finger{start=800997, interval=(800997,801060), node=Node 45(id=803121)}
  Finger{start=801061, interval=(801061,801188), node=Node 45(id=803121)}
  Finger{start=801189, interval=(801189,801444), node=Node 45(id=803121)}
  Finger{start=801445, interval=(801445,801956), node=Node 45(id=803121)}
  Finger{start=801957, interval=(801957,802980), node=Node 45(id=803121)}
  Finger{start=802981, interval=(802981,805028), node=Node 45(id=803121)}
  Finger{start=805029, interval=(805029,809124), node=Node 42(id=822044)}
  Finger{start=809125, interval=(809125,817316), node=Node 42(id=822044)}
  Finger{start=817317, interval=(817317,833700), node=Node 42(id=822044)}
  Finger{start=833701, interval=(833701,866468), node=Node 25(id=841502)}
  Finger{start=866469, interval=(866469,932004), node=Node 50(id=867657)}
  Finger{start=932005, interval=(932005,14500), node=Node 11(id=932868)}
  Finger{start=14501, interval=(14501,276644), node=Node 69(id=32742)}
  Finger{start=276645, interval=(276645,800933), node=Node 77(id=296316)}
}
Data : [792376, 799220, 791984, 798674, 794172]
Node : Node 85	Index: 878925	Neighbors: Node 6		FingerTable{
  Finger{start=878926, interval=(878926,878926), node=Node 6(id=884378)}
  Finger{start=878927, interval=(878927,878928), node=Node 6(id=884378)}
  Finger{start=878929, interval=(878929,878932), node=Node 6(id=884378)}
  Finger{start=878933, interval=(878933,878940), node=Node 6(id=884378)}
  Finger{start=878941, interval=(878941,878956), node=Node 6(id=884378)}
  Finger{start=878957, interval=(878957,878988), node=Node 6(id=884378)}
  Finger{start=878989, interval=(878989,879052), node=Node 6(id=884378)}
  Finger{start=879053, interval=(879053,879180), node=Node 6(id=884378)}
  Finger{start=879181, interval=(879181,879436), node=Node 6(id=884378)}
  Finger{start=879437, interval=(879437,879948), node=Node 6(id=884378)}
  Finger{start=879949, interval=(879949,880972), node=Node 6(id=884378)}
  Finger{start=880973, interval=(880973,883020), node=Node 6(id=884378)}
  Finger{start=883021, interval=(883021,887116), node=Node 6(id=884378)}
  Finger{start=887117, interval=(887117,895308), node=Node 96(id=905813)}
  Finger{start=895309, interval=(895309,911692), node=Node 96(id=905813)}
  Finger{start=911693, interval=(911693,944460), node=Node 91(id=917272)}
  Finger{start=944461, interval=(944461,1009996), node=Node 100(id=972944)}
  Finger{start=1009997, interval=(1009997,92492), node=Node 54(id=1028532)}
  Finger{start=92493, interval=(92493,354636), node=Node 67(id=93108)}
  Finger{start=354637, interval=(354637,878925), node=Node 2(id=358666)}
}
Data : [874371, 868881, 875069]
Node : Node 86	Index: 519537	Neighbors: Node 24		FingerTable{
  Finger{start=519538, interval=(519538,519538), node=Node 24(id=543325)}
  Finger{start=519539, interval=(519539,519540), node=Node 24(id=543325)}
  Finger{start=519541, interval=(519541,519544), node=Node 24(id=543325)}
  Finger{start=519545, interval=(519545,519552), node=Node 24(id=543325)}
  Finger{start=519553, interval=(519553,519568), node=Node 24(id=543325)}
  Finger{start=519569, interval=(519569,519600), node=Node 24(id=543325)}
  Finger{start=519601, interval=(519601,519664), node=Node 24(id=543325)}
  Finger{start=519665, interval=(519665,519792), node=Node 24(id=543325)}
  Finger{start=519793, interval=(519793,520048), node=Node 24(id=543325)}
  Finger{start=520049, interval=(520049,520560), node=Node 24(id=543325)}
  Finger{start=520561, interval=(520561,521584), node=Node 24(id=543325)}
  Finger{start=521585, interval=(521585,523632), node=Node 24(id=543325)}
  Finger{start=523633, interval=(523633,527728), node=Node 24(id=543325)}
  Finger{start=527729, interval=(527729,535920), node=Node 24(id=543325)}
  Finger{start=535921, interval=(535921,552304), node=Node 24(id=543325)}
  Finger{start=552305, interval=(552305,585072), node=Node 94(id=562497)}
  Finger{start=585073, interval=(585073,650608), node=Node 51(id=589452)}
  Finger{start=650609, interval=(650609,781680), node=Node 27(id=656893)}
  Finger{start=781681, interval=(781681,1043824), node=Node 59(id=787911)}
  Finger{start=1043825, interval=(1043825,519537), node=Node 16(id=1047135)}
}
Data : [515110, 515001]
Node : Node 87	Index: 627837	Neighbors: Node 76		FingerTable{
  Finger{start=627838, interval=(627838,627838), node=Node 76(id=631439)}
  Finger{start=627839, interval=(627839,627840), node=Node 76(id=631439)}
  Finger{start=627841, interval=(627841,627844), node=Node 76(id=631439)}
  Finger{start=627845, interval=(627845,627852), node=Node 76(id=631439)}
  Finger{start=627853, interval=(627853,627868), node=Node 76(id=631439)}
  Finger{start=627869, interval=(627869,627900), node=Node 76(id=631439)}
  Finger{start=627901, interval=(627901,627964), node=Node 76(id=631439)}
  Finger{start=627965, interval=(627965,628092), node=Node 76(id=631439)}
  Finger{start=628093, interval=(628093,628348), node=Node 76(id=631439)}
  Finger{start=628349, interval=(628349,628860), node=Node 76(id=631439)}
  Finger{start=628861, interval=(628861,629884), node=Node 76(id=631439)}
  Finger{start=629885, interval=(629885,631932), node=Node 76(id=631439)}
  Finger{start=631933, interval=(631933,636028), node=Node 37(id=633803)}
  Finger{start=636029, interval=(636029,644220), node=Node 75(id=636833)}
  Finger{start=644221, interval=(644221,660604), node=Node 27(id=656893)}
  Finger{start=660605, interval=(660605,693372), node=Node 82(id=667902)}
  Finger{start=693373, interval=(693373,758908), node=Node 99(id=701252)}
  Finger{start=758909, interval=(758909,889980), node=Node 29(id=759141)}
  Finger{start=889981, interval=(889981,103548), node=Node 96(id=905813)}
  Finger{start=103549, interval=(103549,627837), node=Node 63(id=104059)}
}
Data : [627232, 624946]
Node : Node 88	Index: 849108	Neighbors: Node 50		FingerTable{
  Finger{start=849109, interval=(849109,849109), node=Node 50(id=867657)}
  Finger{start=849110, interval=(849110,849111), node=Node 50(id=867657)}
  Finger{start=849112, interval=(849112,849115), node=Node 50(id=867657)}
  Finger{start=849116, interval=(849116,849123), node=Node 50(id=867657)}
  Finger{start=849124, interval=(849124,849139), node=Node 50(id=867657)}
  Finger{start=849140, interval=(849140,849171), node=Node 50(id=867657)}
  Finger{start=849172, interval=(849172,849235), node=Node 50(id=867657)}
  Finger{start=849236, interval=(849236,849363), node=Node 50(id=867657)}
  Finger{start=849364, interval=(849364,849619), node=Node 50(id=867657)}
  Finger{start=849620, interval=(849620,850131), node=Node 50(id=867657)}
  Finger{start=850132, interval=(850132,851155), node=Node 50(id=867657)}
  Finger{start=851156, interval=(851156,853203), node=Node 50(id=867657)}
  Finger{start=853204, interval=(853204,857299), node=Node 50(id=867657)}
  Finger{start=857300, interval=(857300,865491), node=Node 50(id=867657)}
  Finger{start=865492, interval=(865492,881875), node=Node 50(id=867657)}
  Finger{start=881876, interval=(881876,914643), node=Node 6(id=884378)}
  Finger{start=914644, interval=(914644,980179), node=Node 91(id=917272)}
  Finger{start=980180, interval=(980180,62675), node=Node 68(id=994329)}
  Finger{start=62676, interval=(62676,324819), node=Node 55(id=63209)}
  Finger{start=324820, interval=(324820,849108), node=Node 32(id=343290)}
}
Data : [845341, 845107, 848495, 843575, 845799]
Node : Node 89	Index: 79022	Neighbors: Node 67		FingerTable{
  Finger{start=79023, interval=(79023,79023), node=Node 67(id=93108)}
  Finger{start=79024, interval=(79024,79025), node=Node 67(id=93108)}
  Finger{start=79026, interval=(79026,79029), node=Node 67(id=93108)}
  Finger{start=79030, interval=(79030,79037), node=Node 67(id=93108)}
  Finger{start=79038, interval=(79038,79053), node=Node 67(id=93108)}
  Finger{start=79054, interval=(79054,79085), node=Node 67(id=93108)}
  Finger{start=79086, interval=(79086,79149), node=Node 67(id=93108)}
  Finger{start=79150, interval=(79150,79277), node=Node 67(id=93108)}
  Finger{start=79278, interval=(79278,79533), node=Node 67(id=93108)}
  Finger{start=79534, interval=(79534,80045), node=Node 67(id=93108)}
  Finger{start=80046, interval=(80046,81069), node=Node 67(id=93108)}
  Finger{start=81070, interval=(81070,83117), node=Node 67(id=93108)}
  Finger{start=83118, interval=(83118,87213), node=Node 67(id=93108)}
  Finger{start=87214, interval=(87214,95405), node=Node 67(id=93108)}
  Finger{start=95406, interval=(95406,111789), node=Node 63(id=104059)}
  Finger{start=111790, interval=(111790,144557), node=Node 98(id=121042)}
  Finger{start=144558, interval=(144558,210093), node=Node 22(id=145977)}
  Finger{start=210094, interval=(210094,341165), node=Node 56(id=226725)}
  Finger{start=341166, interval=(341166,603309), node=Node 32(id=343290)}
  Finger{start=603310, interval=(603310,79022), node=Node 92(id=624893)}
}
Data : []
Node : Node 90	Index: 304581	Neighbors: Node 34		FingerTable{
  Finger{start=304582, interval=(304582,304582), node=Node 34(id=307542)}
  Finger{start=304583, interval=(304583,304584), node=Node 34(id=307542)}
  Finger{start=304585, interval=(304585,304588), node=Node 34(id=307542)}
  Finger{start=304589, interval=(304589,304596), node=Node 34(id=307542)}
  Finger{start=304597, interval=(304597,304612), node=Node 34(id=307542)}
  Finger{start=304613, interval=(304613,304644), node=Node 34(id=307542)}
  Finger{start=304645, interval=(304645,304708), node=Node 34(id=307542)}
  Finger{start=304709, interval=(304709,304836), node=Node 34(id=307542)}
  Finger{start=304837, interval=(304837,305092), node=Node 34(id=307542)}
  Finger{start=305093, interval=(305093,305604), node=Node 34(id=307542)}
  Finger{start=305605, interval=(305605,306628), node=Node 34(id=307542)}
  Finger{start=306629, interval=(306629,308676), node=Node 34(id=307542)}
  Finger{start=308677, interval=(308677,312772), node=Node 74(id=315708)}
  Finger{start=312773, interval=(312773,320964), node=Node 74(id=315708)}
  Finger{start=320965, interval=(320965,337348), node=Node 32(id=343290)}
  Finger{start=337349, interval=(337349,370116), node=Node 32(id=343290)}
  Finger{start=370117, interval=(370117,435652), node=Node 57(id=397671)}
  Finger{start=435653, interval=(435653,566724), node=Node 15(id=443061)}
  Finger{start=566725, interval=(566725,828868), node=Node 51(id=589452)}
  Finger{start=828869, interval=(828869,304581), node=Node 25(id=841502)}
}
Data : []
Node : Node 91	Index: 917272	Neighbors: Node 11		FingerTable{
  Finger{start=917273, interval=(917273,917273), node=Node 11(id=932868)}
  Finger{start=917274, interval=(917274,917275), node=Node 11(id=932868)}
  Finger{start=917276, interval=(917276,917279), node=Node 11(id=932868)}
  Finger{start=917280, interval=(917280,917287), node=Node 11(id=932868)}
  Finger{start=917288, interval=(917288,917303), node=Node 11(id=932868)}
  Finger{start=917304, interval=(917304,917335), node=Node 11(id=932868)}
  Finger{start=917336, interval=(917336,917399), node=Node 11(id=932868)}
  Finger{start=917400, interval=(917400,917527), node=Node 11(id=932868)}
  Finger{start=917528, interval=(917528,917783), node=Node 11(id=932868)}
  Finger{start=917784, interval=(917784,918295), node=Node 11(id=932868)}
  Finger{start=918296, interval=(918296,919319), node=Node 11(id=932868)}
  Finger{start=919320, interval=(919320,921367), node=Node 11(id=932868)}
  Finger{start=921368, interval=(921368,925463), node=Node 11(id=932868)}
  Finger{start=925464, interval=(925464,933655), node=Node 11(id=932868)}
  Finger{start=933656, interval=(933656,950039), node=Node 100(id=972944)}
  Finger{start=950040, interval=(950040,982807), node=Node 100(id=972944)}
  Finger{start=982808, interval=(982808,1048343), node=Node 68(id=994329)}
  Finger{start=1048344, interval=(1048344,130839), node=Node 65(id=1008)}
  Finger{start=130840, interval=(130840,392983), node=Node 97(id=137743)}
  Finger{start=392984, interval=(392984,917272), node=Node 57(id=397671)}
}
Data : [906159, 913673, 907301, 912438, 912689]
Node : Node 92	Index: 624893	Neighbors: Node 87		FingerTable{
  Finger{start=624894, interval=(624894,624894), node=Node 87(id=627837)}
  Finger{start=624895, interval=(624895,624896), node=Node 87(id=627837)}
  Finger{start=624897, interval=(624897,624900), node=Node 87(id=627837)}
  Finger{start=624901, interval=(624901,624908), node=Node 87(id=627837)}
  Finger{start=624909, interval=(624909,624924), node=Node 87(id=627837)}
  Finger{start=624925, interval=(624925,624956), node=Node 87(id=627837)}
  Finger{start=624957, interval=(624957,625020), node=Node 87(id=627837)}
  Finger{start=625021, interval=(625021,625148), node=Node 87(id=627837)}
  Finger{start=625149, interval=(625149,625404), node=Node 87(id=627837)}
  Finger{start=625405, interval=(625405,625916), node=Node 87(id=627837)}
  Finger{start=625917, interval=(625917,626940), node=Node 87(id=627837)}
  Finger{start=626941, interval=(626941,628988), node=Node 87(id=627837)}
  Finger{start=628989, interval=(628989,633084), node=Node 76(id=631439)}
  Finger{start=633085, interval=(633085,641276), node=Node 37(id=633803)}
  Finger{start=641277, interval=(641277,657660), node=Node 27(id=656893)}
  Finger{start=657661, interval=(657661,690428), node=Node 82(id=667902)}
  Finger{start=690429, interval=(690429,755964), node=Node 99(id=701252)}
  Finger{start=755965, interval=(755965,887036), node=Node 29(id=759141)}
  Finger{start=887037, interval=(887037,100604), node=Node 96(id=905813)}
  Finger{start=100605, interval=(100605,624893), node=Node 63(id=104059)}
}
Data : [619289, 614989, 622811, 619718, 624677, 604831, 599342, 605608, 607568, 621073, 608915, 615535, 606406, 598942]
Node : Node 93	Index: 544906	Neighbors: Node 94		FingerTable{
  Finger{start=544907, interval=(544907,544907), node=Node 94(id=562497)}
  Finger{start=544908, interval=(544908,544909), node=Node 94(id=562497)}
  Finger{start=544910, interval=(544910,544913), node=Node 94(id=562497)}
  Finger{start=544914, interval=(544914,544921), node=Node 94(id=562497)}
  Finger{start=544922, interval=(544922,544937), node=Node 94(id=562497)}
  Finger{start=544938, interval=(544938,544969), node=Node 94(id=562497)}
  Finger{start=544970, interval=(544970,545033), node=Node 94(id=562497)}
  Finger{start=545034, interval=(545034,545161), node=Node 94(id=562497)}
  Finger{start=545162, interval=(545162,545417), node=Node 94(id=562497)}
  Finger{start=545418, interval=(545418,545929), node=Node 94(id=562497)}
  Finger{start=545930, interval=(545930,546953), node=Node 94(id=562497)}
  Finger{start=546954, interval=(546954,549001), node=Node 94(id=562497)}
  Finger{start=549002, interval=(549002,553097), node=Node 94(id=562497)}
  Finger{start=553098, interval=(553098,561289), node=Node 94(id=562497)}
  Finger{start=561290, interval=(561290,577673), node=Node 94(id=562497)}
  Finger{start=577674, interval=(577674,610441), node=Node 51(id=589452)}
  Finger{start=610442, interval=(610442,675977), node=Node 92(id=624893)}
  Finger{start=675978, interval=(675978,807049), node=Node 99(id=701252)}
  Finger{start=807050, interval=(807050,20617), node=Node 42(id=822044)}
  Finger{start=20618, interval=(20618,544906), node=Node 69(id=32742)}
}
Data : []
Node : Node 94	Index: 562497	Neighbors: Node 51		FingerTable{
  Finger{start=562498, interval=(562498,562498), node=Node 51(id=589452)}
  Finger{start=562499, interval=(562499,562500), node=Node 51(id=589452)}
  Finger{start=562501, interval=(562501,562504), node=Node 51(id=589452)}
  Finger{start=562505, interval=(562505,562512), node=Node 51(id=589452)}
  Finger{start=562513, interval=(562513,562528), node=Node 51(id=589452)}
  Finger{start=562529, interval=(562529,562560), node=Node 51(id=589452)}
  Finger{start=562561, interval=(562561,562624), node=Node 51(id=589452)}
  Finger{start=562625, interval=(562625,562752), node=Node 51(id=589452)}
  Finger{start=562753, interval=(562753,563008), node=Node 51(id=589452)}
  Finger{start=563009, interval=(563009,563520), node=Node 51(id=589452)}
  Finger{start=563521, interval=(563521,564544), node=Node 51(id=589452)}
  Finger{start=564545, interval=(564545,566592), node=Node 51(id=589452)}
  Finger{start=566593, interval=(566593,570688), node=Node 51(id=589452)}
  Finger{start=570689, interval=(570689,578880), node=Node 51(id=589452)}
  Finger{start=578881, interval=(578881,595264), node=Node 51(id=589452)}
  Finger{start=595265, interval=(595265,628032), node=Node 72(id=596919)}
  Finger{start=628033, interval=(628033,693568), node=Node 76(id=631439)}
  Finger{start=693569, interval=(693569,824640), node=Node 99(id=701252)}
  Finger{start=824641, interval=(824641,38208), node=Node 48(id=827080)}
  Finger{start=38209, interval=(38209,562497), node=Node 21(id=38388)}
}
Data : [552758, 555591, 548494, 550638, 547657]
Node : Node 95	Index: 51783	Neighbors: Node 30		FingerTable{
  Finger{start=51784, interval=(51784,51784), node=Node 30(id=56133)}
  Finger{start=51785, interval=(51785,51786), node=Node 30(id=56133)}
  Finger{start=51787, interval=(51787,51790), node=Node 30(id=56133)}
  Finger{start=51791, interval=(51791,51798), node=Node 30(id=56133)}
  Finger{start=51799, interval=(51799,51814), node=Node 30(id=56133)}
  Finger{start=51815, interval=(51815,51846), node=Node 30(id=56133)}
  Finger{start=51847, interval=(51847,51910), node=Node 30(id=56133)}
  Finger{start=51911, interval=(51911,52038), node=Node 30(id=56133)}
  Finger{start=52039, interval=(52039,52294), node=Node 30(id=56133)}
  Finger{start=52295, interval=(52295,52806), node=Node 30(id=56133)}
  Finger{start=52807, interval=(52807,53830), node=Node 30(id=56133)}
  Finger{start=53831, interval=(53831,55878), node=Node 30(id=56133)}
  Finger{start=55879, interval=(55879,59974), node=Node 30(id=56133)}
  Finger{start=59975, interval=(59975,68166), node=Node 55(id=63209)}
  Finger{start=68167, interval=(68167,84550), node=Node 52(id=78994)}
  Finger{start=84551, interval=(84551,117318), node=Node 67(id=93108)}
  Finger{start=117319, interval=(117319,182854), node=Node 98(id=121042)}
  Finger{start=182855, interval=(182855,313926), node=Node 43(id=183731)}
  Finger{start=313927, interval=(313927,576070), node=Node 74(id=315708)}
  Finger{start=576071, interval=(576071,51783), node=Node 51(id=589452)}
}
Data : []
Node : Node 96	Index: 905813	Neighbors: Node 91		FingerTable{
  Finger{start=905814, interval=(905814,905814), node=Node 91(id=917272)}
  Finger{start=905815, interval=(905815,905816), node=Node 91(id=917272)}
  Finger{start=905817, interval=(905817,905820), node=Node 91(id=917272)}
  Finger{start=905821, interval=(905821,905828), node=Node 91(id=917272)}
  Finger{start=905829, interval=(905829,905844), node=Node 91(id=917272)}
  Finger{start=905845, interval=(905845,905876), node=Node 91(id=917272)}
  Finger{start=905877, interval=(905877,905940), node=Node 91(id=917272)}
  Finger{start=905941, interval=(905941,906068), node=Node 91(id=917272)}
  Finger{start=906069, interval=(906069,906324), node=Node 91(id=917272)}
  Finger{start=906325, interval=(906325,906836), node=Node 91(id=917272)}
  Finger{start=906837, interval=(906837,907860), node=Node 91(id=917272)}
  Finger{start=907861, interval=(907861,909908), node=Node 91(id=917272)}
  Finger{start=909909, interval=(909909,914004), node=Node 91(id=917272)}
  Finger{start=914005, interval=(914005,922196), node=Node 91(id=917272)}
  Finger{start=922197, interval=(922197,938580), node=Node 11(id=932868)}
  Finger{start=938581, interval=(938581,971348), node=Node 100(id=972944)}
  Finger{start=971349, interval=(971349,1036884), node=Node 100(id=972944)}
  Finger{start=1036885, interval=(1036885,119380), node=Node 7(id=1037792)}
  Finger{start=119381, interval=(119381,381524), node=Node 98(id=121042)}
  Finger{start=381525, interval=(381525,905813), node=Node 57(id=397671)}
}
Data : [904574, 893723, 891818, 888692, 903145, 900254, 886609, 903055]
Node : Node 97	Index: 137743	Neighbors: Node 17		FingerTable{
  Finger{start=137744, interval=(137744,137744), node=Node 17(id=140009)}
  Finger{start=137745, interval=(137745,137746), node=Node 17(id=140009)}
  Finger{start=137747, interval=(137747,137750), node=Node 17(id=140009)}
  Finger{start=137751, interval=(137751,137758), node=Node 17(id=140009)}
  Finger{start=137759, interval=(137759,137774), node=Node 17(id=140009)}
  Finger{start=137775, interval=(137775,137806), node=Node 17(id=140009)}
  Finger{start=137807, interval=(137807,137870), node=Node 17(id=140009)}
  Finger{start=137871, interval=(137871,137998), node=Node 17(id=140009)}
  Finger{start=137999, interval=(137999,138254), node=Node 17(id=140009)}
  Finger{start=138255, interval=(138255,138766), node=Node 17(id=140009)}
  Finger{start=138767, interval=(138767,139790), node=Node 17(id=140009)}
  Finger{start=139791, interval=(139791,141838), node=Node 17(id=140009)}
  Finger{start=141839, interval=(141839,145934), node=Node 22(id=145977)}
  Finger{start=145935, interval=(145935,154126), node=Node 22(id=145977)}
  Finger{start=154127, interval=(154127,170510), node=Node 20(id=166765)}
  Finger{start=170511, interval=(170511,203278), node=Node 3(id=182411)}
  Finger{start=203279, interval=(203279,268814), node=Node 56(id=226725)}
  Finger{start=268815, interval=(268815,399886), node=Node 77(id=296316)}
  Finger{start=399887, interval=(399887,662030), node=Node 9(id=417774)}
  Finger{start=662031, interval=(662031,137743), node=Node 82(id=667902)}
}
Data : [123240, 123802, 130785, 132906, 134853]
Node : Node 98	Index: 121042	Neighbors: Node 97		FingerTable{
  Finger{start=121043, interval=(121043,121043), node=Node 97(id=137743)}
  Finger{start=121044, interval=(121044,121045), node=Node 97(id=137743)}
  Finger{start=121046, interval=(121046,121049), node=Node 97(id=137743)}
  Finger{start=121050, interval=(121050,121057), node=Node 97(id=137743)}
  Finger{start=121058, interval=(121058,121073), node=Node 97(id=137743)}
  Finger{start=121074, interval=(121074,121105), node=Node 97(id=137743)}
  Finger{start=121106, interval=(121106,121169), node=Node 97(id=137743)}
  Finger{start=121170, interval=(121170,121297), node=Node 97(id=137743)}
  Finger{start=121298, interval=(121298,121553), node=Node 97(id=137743)}
  Finger{start=121554, interval=(121554,122065), node=Node 97(id=137743)}
  Finger{start=122066, interval=(122066,123089), node=Node 97(id=137743)}
  Finger{start=123090, interval=(123090,125137), node=Node 97(id=137743)}
  Finger{start=125138, interval=(125138,129233), node=Node 97(id=137743)}
  Finger{start=129234, interval=(129234,137425), node=Node 97(id=137743)}
  Finger{start=137426, interval=(137426,153809), node=Node 97(id=137743)}
  Finger{start=153810, interval=(153810,186577), node=Node 20(id=166765)}
  Finger{start=186578, interval=(186578,252113), node=Node 36(id=189366)}
  Finger{start=252114, interval=(252114,383185), node=Node 77(id=296316)}
  Finger{start=383186, interval=(383186,645329), node=Node 57(id=397671)}
  Finger{start=645330, interval=(645330,121042), node=Node 27(id=656893)}
}
Data : [118510, 110879, 112689, 120971]
Node : Node 99	Index: 701252	Neighbors: Node 8		FingerTable{
  Finger{start=701253, interval=(701253,701253), node=Node 8(id=709209)}
  Finger{start=701254, interval=(701254,701255), node=Node 8(id=709209)}
  Finger{start=701256, interval=(701256,701259), node=Node 8(id=709209)}
  Finger{start=701260, interval=(701260,701267), node=Node 8(id=709209)}
  Finger{start=701268, interval=(701268,701283), node=Node 8(id=709209)}
  Finger{start=701284, interval=(701284,701315), node=Node 8(id=709209)}
  Finger{start=701316, interval=(701316,701379), node=Node 8(id=709209)}
  Finger{start=701380, interval=(701380,701507), node=Node 8(id=709209)}
  Finger{start=701508, interval=(701508,701763), node=Node 8(id=709209)}
  Finger{start=701764, interval=(701764,702275), node=Node 8(id=709209)}
  Finger{start=702276, interval=(702276,703299), node=Node 8(id=709209)}
  Finger{start=703300, interval=(703300,705347), node=Node 8(id=709209)}
  Finger{start=705348, interval=(705348,709443), node=Node 8(id=709209)}
  Finger{start=709444, interval=(709444,717635), node=Node 31(id=713475)}
  Finger{start=717636, interval=(717636,734019), node=Node 73(id=731283)}
  Finger{start=734020, interval=(734020,766787), node=Node 5(id=743265)}
  Finger{start=766788, interval=(766788,832323), node=Node 59(id=787911)}
  Finger{start=832324, interval=(832324,963395), node=Node 25(id=841502)}
  Finger{start=963396, interval=(963396,176963), node=Node 100(id=972944)}
  Finger{start=176964, interval=(176964,701252), node=Node 3(id=182411)}
}
Data : [680569, 691601, 678260, 675924, 696024, 691673, 690262, 681862]
Node : Node 100	Index: 972944	Neighbors: Node 68		FingerTable{
  Finger{start=972945, interval=(972945,972945), node=Node 68(id=994329)}
  Finger{start=972946, interval=(972946,972947), node=Node 68(id=994329)}
  Finger{start=972948, interval=(972948,972951), node=Node 68(id=994329)}
  Finger{start=972952, interval=(972952,972959), node=Node 68(id=994329)}
  Finger{start=972960, interval=(972960,972975), node=Node 68(id=994329)}
  Finger{start=972976, interval=(972976,973007), node=Node 68(id=994329)}
  Finger{start=973008, interval=(973008,973071), node=Node 68(id=994329)}
  Finger{start=973072, interval=(973072,973199), node=Node 68(id=994329)}
  Finger{start=973200, interval=(973200,973455), node=Node 68(id=994329)}
  Finger{start=973456, interval=(973456,973967), node=Node 68(id=994329)}
  Finger{start=973968, interval=(973968,974991), node=Node 68(id=994329)}
  Finger{start=974992, interval=(974992,977039), node=Node 68(id=994329)}
  Finger{start=977040, interval=(977040,981135), node=Node 68(id=994329)}
  Finger{start=981136, interval=(981136,989327), node=Node 68(id=994329)}
  Finger{start=989328, interval=(989328,1005711), node=Node 68(id=994329)}
  Finger{start=1005712, interval=(1005712,1038479), node=Node 44(id=1008270)}
  Finger{start=1038480, interval=(1038480,55439), node=Node 19(id=1041618)}
  Finger{start=55440, interval=(55440,186511), node=Node 30(id=56133)}
  Finger{start=186512, interval=(186512,448655), node=Node 36(id=189366)}
  Finger{start=448656, interval=(448656,972944), node=Node 47(id=469295)}
}
Data : [952253, 961754, 972134, 967202, 944999, 961509, 952041, 953034, 940494, 951298, 961856, 961648, 961953]
......................................................
hops: 2; node_index: 226725; node_name: Node 56; peers: (Node 1), (Node 14)
✅ lookup successful for key 1
hops: 2; node_index: 226725; node_name: Node 56; peers: (Node 1), (Node 14)
✅ lookup successful for key 2
hops: 4; node_index: 905813; node_name: Node 96; peers: (Node 1), (Node 73), (Node 50), (Node 6)
✅ lookup successful for key 3
hops: 5; node_index: 656893; node_name: Node 27; peers: (Node 1), (Node 47), (Node 92), (Node 37), (Node 28)
✅ lookup successful for key 4
hops: 4; node_index: 417774; node_name: Node 9; peers: (Node 1), (Node 32), (Node 57), (Node 53)
✅ lookup successful for key 5
hops: 5; node_index: 624893; node_name: Node 92; peers: (Node 1), (Node 47), (Node 24), (Node 51), (Node 64)
✅ lookup successful for key 6
hops: 4; node_index: 512419; node_name: Node 60; peers: (Node 1), (Node 47), (Node 33), (Node 66)
✅ lookup successful for key 7
hops: 2; node_index: 226725; node_name: Node 56; peers: (Node 1), (Node 14)
✅ lookup successful for key 8
hops: 4; node_index: 469295; node_name: Node 47; peers: (Node 1), (Node 32), (Node 9), (Node 15)
✅ lookup successful for key 9
hops: 2; node_index: 226725; node_name: Node 56; peers: (Node 1), (Node 14)
✅ lookup successful for key 10
hops: 2; node_index: 302219; node_name: Node 23; peers: (Node 1), (Node 77)
✅ lookup successful for key 11
hops: 5; node_index: 972944; node_name: Node 100; peers: (Node 1), (Node 73), (Node 50), (Node 96), (Node 11)
✅ lookup successful for key 12
hops: 3; node_index: 358666; node_name: Node 2; peers: (Node 1), (Node 32), (Node 83)
✅ lookup successful for key 13
hops: 4; node_index: 397671; node_name: Node 57; peers: (Node 1), (Node 32), (Node 61), (Node 80)
✅ lookup successful for key 14
hops: 4; node_index: 917272; node_name: Node 91; peers: (Node 1), (Node 73), (Node 50), (Node 96)
✅ lookup successful for key 15
hops: 5; node_index: 731283; node_name: Node 73; peers: (Node 1), (Node 47), (Node 92), (Node 99), (Node 31)
✅ lookup successful for key 16
hops: 4; node_index: 994329; node_name: Node 68; peers: (Node 1), (Node 73), (Node 50), (Node 100)
✅ lookup successful for key 17
hops: 4; node_index: 469295; node_name: Node 47; peers: (Node 1), (Node 32), (Node 9), (Node 15)
✅ lookup successful for key 18
hops: 4; node_index: 631439; node_name: Node 76; peers: (Node 1), (Node 47), (Node 92), (Node 87)
✅ lookup successful for key 19
hops: 4; node_index: 800933; node_name: Node 84; peers: (Node 1), (Node 73), (Node 59), (Node 10)
✅ lookup successful for key 20
hops: 5; node_index: 972944; node_name: Node 100; peers: (Node 1), (Node 73), (Node 50), (Node 96), (Node 11)
✅ lookup successful for key 21
hops: 7; node_index: 78994; node_name: Node 52; peers: (Node 1), (Node 73), (Node 68), (Node 69), (Node 26), (Node 38), (Node 55)
✅ lookup successful for key 22
hops: 4; node_index: 589452; node_name: Node 51; peers: (Node 1), (Node 47), (Node 24), (Node 94)
✅ lookup successful for key 23
hops: 2; node_index: 242682; node_name: Node 81; peers: (Node 1), (Node 56)
✅ lookup successful for key 24
hops: 6; node_index: 104059; node_name: Node 63; peers: (Node 1), (Node 73), (Node 68), (Node 52), (Node 67), (Node 79)
✅ lookup successful for key 25
hops: 5; node_index: 624893; node_name: Node 92; peers: (Node 1), (Node 47), (Node 24), (Node 51), (Node 64)
✅ lookup successful for key 26
hops: 4; node_index: 443061; node_name: Node 15; peers: (Node 1), (Node 32), (Node 9), (Node 62)
✅ lookup successful for key 27
hops: 5; node_index: 972944; node_name: Node 100; peers: (Node 1), (Node 73), (Node 50), (Node 96), (Node 11)
✅ lookup successful for key 28
hops: 5; node_index: 701252; node_name: Node 99; peers: (Node 1), (Node 47), (Node 92), (Node 82), (Node 78)
✅ lookup successful for key 29
hops: 3; node_index: 878925; node_name: Node 85; peers: (Node 1), (Node 73), (Node 50)
✅ lookup successful for key 30
hops: 4; node_index: 994329; node_name: Node 68; peers: (Node 1), (Node 73), (Node 50), (Node 100)
✅ lookup successful for key 31
hops: 5; node_index: 656893; node_name: Node 27; peers: (Node 1), (Node 47), (Node 92), (Node 37), (Node 28)
✅ lookup successful for key 32
hops: 7; node_index: 145977; node_name: Node 22; peers: (Node 1), (Node 73), (Node 68), (Node 52), (Node 98), (Node 97), (Node 17)
✅ lookup successful for key 33
hops: 4; node_index: 1032101; node_name: Node 49; peers: (Node 1), (Node 73), (Node 68), (Node 54)
✅ lookup successful for key 34
hops: 6; node_index: 10848; node_name: Node 70; peers: (Node 1), (Node 73), (Node 68), (Node 54), (Node 16), (Node 65)
✅ lookup successful for key 35
hops: 4; node_index: 849108; node_name: Node 88; peers: (Node 1), (Node 73), (Node 84), (Node 25)
✅ lookup successful for key 36
hops: 4; node_index: 994329; node_name: Node 68; peers: (Node 1), (Node 73), (Node 50), (Node 100)
✅ lookup successful for key 37
hops: 4; node_index: 827080; node_name: Node 48; peers: (Node 1), (Node 73), (Node 84), (Node 42)
✅ lookup successful for key 38
hops: 5; node_index: 624893; node_name: Node 92; peers: (Node 1), (Node 47), (Node 24), (Node 51), (Node 64)
✅ lookup successful for key 39
hops: 5; node_index: 972944; node_name: Node 100; peers: (Node 1), (Node 73), (Node 50), (Node 96), (Node 11)
✅ lookup successful for key 40
hops: 5; node_index: 36265; node_name: Node 12; peers: (Node 1), (Node 73), (Node 68), (Node 69), (Node 40)
✅ lookup successful for key 41
hops: 4; node_index: 562497; node_name: Node 94; peers: (Node 1), (Node 47), (Node 24), (Node 93)
✅ lookup successful for key 42
hops: 4; node_index: 543325; node_name: Node 24; peers: (Node 1), (Node 47), (Node 60), (Node 86)
✅ lookup successful for key 43
hops: 5; node_index: 701252; node_name: Node 99; peers: (Node 1), (Node 47), (Node 92), (Node 82), (Node 78)
✅ lookup successful for key 44
hops: 4; node_index: 543325; node_name: Node 24; peers: (Node 1), (Node 47), (Node 60), (Node 86)
✅ lookup successful for key 45
hops: 4; node_index: 562497; node_name: Node 94; peers: (Node 1), (Node 47), (Node 24), (Node 93)
✅ lookup successful for key 46
hops: 4; node_index: 589452; node_name: Node 51; peers: (Node 1), (Node 47), (Node 24), (Node 94)
✅ lookup successful for key 47
hops: 4; node_index: 1028532; node_name: Node 54; peers: (Node 1), (Node 73), (Node 68), (Node 44)
✅ lookup successful for key 48
hops: 6; node_index: 32742; node_name: Node 69; peers: (Node 1), (Node 73), (Node 68), (Node 54), (Node 16), (Node 70)
✅ lookup successful for key 49
hops: 6; node_index: 140009; node_name: Node 17; peers: (Node 1), (Node 73), (Node 68), (Node 52), (Node 98), (Node 97)
✅ lookup successful for key 50
hops: 4; node_index: 636833; node_name: Node 75; peers: (Node 1), (Node 47), (Node 92), (Node 37)
✅ lookup successful for key 51
hops: 6; node_index: 32742; node_name: Node 69; peers: (Node 1), (Node 73), (Node 68), (Node 54), (Node 16), (Node 70)
✅ lookup successful for key 52
hops: 4; node_index: 343290; node_name: Node 32; peers: (Node 1), (Node 77), (Node 74), (Node 41)
✅ lookup successful for key 53
hops: 5; node_index: 41124; node_name: Node 39; peers: (Node 1), (Node 73), (Node 68), (Node 69), (Node 21)
✅ lookup successful for key 54
hops: 4; node_index: 397671; node_name: Node 57; peers: (Node 1), (Node 32), (Node 61), (Node 80)
✅ lookup successful for key 55
hops: 5; node_index: 41124; node_name: Node 39; peers: (Node 1), (Node 73), (Node 68), (Node 69), (Node 21)
✅ lookup successful for key 56
hops: 5; node_index: 137743; node_name: Node 97; peers: (Node 1), (Node 73), (Node 68), (Node 52), (Node 98)
✅ lookup successful for key 57
hops: 4; node_index: 343290; node_name: Node 32; peers: (Node 1), (Node 77), (Node 74), (Node 41)
✅ lookup successful for key 58
hops: 6; node_index: 182819; node_name: Node 46; peers: (Node 1), (Node 73), (Node 68), (Node 52), (Node 22), (Node 3)
✅ lookup successful for key 59
hops: 4; node_index: 512419; node_name: Node 60; peers: (Node 1), (Node 47), (Node 33), (Node 66)
✅ lookup successful for key 60
hops: 6; node_index: 49587; node_name: Node 26; peers: (Node 1), (Node 73), (Node 68), (Node 69), (Node 39), (Node 35)
✅ lookup successful for key 61
hops: 5; node_index: 624893; node_name: Node 92; peers: (Node 1), (Node 47), (Node 24), (Node 51), (Node 64)
✅ lookup successful for key 62
hops: 3; node_index: 296316; node_name: Node 77; peers: (Node 1), (Node 56), (Node 18)
✅ lookup successful for key 63
hops: 4; node_index: 905813; node_name: Node 96; peers: (Node 1), (Node 73), (Node 50), (Node 6)
✅ lookup successful for key 64
hops: 4; node_index: 1028532; node_name: Node 54; peers: (Node 1), (Node 73), (Node 68), (Node 44)
✅ lookup successful for key 65
hops: 3; node_index: 296316; node_name: Node 77; peers: (Node 1), (Node 56), (Node 18)
✅ lookup successful for key 66
hops: 5; node_index: 656893; node_name: Node 27; peers: (Node 1), (Node 47), (Node 92), (Node 37), (Node 28)
✅ lookup successful for key 67
hops: 5; node_index: 701252; node_name: Node 99; peers: (Node 1), (Node 47), (Node 92), (Node 82), (Node 78)
✅ lookup successful for key 68
hops: 4; node_index: 589452; node_name: Node 51; peers: (Node 1), (Node 47), (Node 24), (Node 94)
✅ lookup successful for key 69
hops: 4; node_index: 849108; node_name: Node 88; peers: (Node 1), (Node 73), (Node 84), (Node 25)
✅ lookup successful for key 70
hops: 3; node_index: 519537; node_name: Node 86; peers: (Node 1), (Node 47), (Node 60)
✅ lookup successful for key 71
hops: 6; node_index: 32742; node_name: Node 69; peers: (Node 1), (Node 73), (Node 68), (Node 54), (Node 16), (Node 70)
✅ lookup successful for key 72
hops: 4; node_index: 787911; node_name: Node 59; peers: (Node 1), (Node 73), (Node 71), (Node 29)
✅ lookup successful for key 73
hops: 5; node_index: 701252; node_name: Node 99; peers: (Node 1), (Node 47), (Node 92), (Node 82), (Node 78)
✅ lookup successful for key 74
hops: 4; node_index: 800933; node_name: Node 84; peers: (Node 1), (Node 73), (Node 59), (Node 10)
✅ lookup successful for key 75
hops: 6; node_index: 63209; node_name: Node 55; peers: (Node 1), (Node 73), (Node 68), (Node 69), (Node 26), (Node 38)
✅ lookup successful for key 76
hops: 2; node_index: 242682; node_name: Node 81; peers: (Node 1), (Node 56)
✅ lookup successful for key 77
hops: 4; node_index: 849108; node_name: Node 88; peers: (Node 1), (Node 73), (Node 84), (Node 25)
✅ lookup successful for key 78
hops: 4; node_index: 917272; node_name: Node 91; peers: (Node 1), (Node 73), (Node 50), (Node 96)
✅ lookup successful for key 79
hops: 4; node_index: 675265; node_name: Node 78; peers: (Node 1), (Node 47), (Node 92), (Node 82)
✅ lookup successful for key 80
hops: 6; node_index: 104059; node_name: Node 63; peers: (Node 1), (Node 73), (Node 68), (Node 52), (Node 67), (Node 79)
✅ lookup successful for key 81
hops: 7; node_index: 78994; node_name: Node 52; peers: (Node 1), (Node 73), (Node 68), (Node 69), (Node 26), (Node 38), (Node 55)
✅ lookup successful for key 82
hops: 5; node_index: 731283; node_name: Node 73; peers: (Node 1), (Node 47), (Node 92), (Node 99), (Node 31)
✅ lookup successful for key 83
hops: 7; node_index: 182411; node_name: Node 3; peers: (Node 1), (Node 73), (Node 68), (Node 52), (Node 22), (Node 20), (Node 4)
✅ lookup successful for key 84
hops: 4; node_index: 822044; node_name: Node 42; peers: (Node 1), (Node 73), (Node 84), (Node 45)
✅ lookup successful for key 85
hops: 4; node_index: 800933; node_name: Node 84; peers: (Node 1), (Node 73), (Node 59), (Node 10)
✅ lookup successful for key 86
hops: 5; node_index: 972944; node_name: Node 100; peers: (Node 1), (Node 73), (Node 50), (Node 96), (Node 11)
✅ lookup successful for key 87
hops: 5; node_index: 972944; node_name: Node 100; peers: (Node 1), (Node 73), (Node 50), (Node 96), (Node 11)
✅ lookup successful for key 88
hops: 4; node_index: 917272; node_name: Node 91; peers: (Node 1), (Node 73), (Node 50), (Node 96)
✅ lookup successful for key 89
hops: 2; node_index: 242682; node_name: Node 81; peers: (Node 1), (Node 56)
✅ lookup successful for key 90
hops: 5; node_index: 624893; node_name: Node 92; peers: (Node 1), (Node 47), (Node 24), (Node 51), (Node 64)
✅ lookup successful for key 91
hops: 7; node_index: 78994; node_name: Node 52; peers: (Node 1), (Node 73), (Node 68), (Node 69), (Node 26), (Node 38), (Node 55)
✅ lookup successful for key 92
hops: 4; node_index: 994329; node_name: Node 68; peers: (Node 1), (Node 73), (Node 50), (Node 100)
✅ lookup successful for key 93
hops: 4; node_index: 667902; node_name: Node 82; peers: (Node 1), (Node 47), (Node 92), (Node 27)
✅ lookup successful for key 94
hops: 4; node_index: 443061; node_name: Node 15; peers: (Node 1), (Node 32), (Node 9), (Node 62)
✅ lookup successful for key 95
hops: 3; node_index: 878925; node_name: Node 85; peers: (Node 1), (Node 73), (Node 50)
✅ lookup successful for key 96
hops: 4; node_index: 631439; node_name: Node 76; peers: (Node 1), (Node 47), (Node 92), (Node 87)
✅ lookup successful for key 97
hops: 4; node_index: 343290; node_name: Node 32; peers: (Node 1), (Node 77), (Node 74), (Node 41)
✅ lookup successful for key 98
hops: 4; node_index: 822044; node_name: Node 42; peers: (Node 1), (Node 73), (Node 84), (Node 45)
✅ lookup successful for key 99
hops: 4; node_index: 589452; node_name: Node 51; peers: (Node 1), (Node 47), (Node 24), (Node 94)
✅ lookup successful for key 100
hops: 2; node_index: 242682; node_name: Node 81; peers: (Node 1), (Node 56)
✅ lookup successful for key 101
hops: 4; node_index: 443061; node_name: Node 15; peers: (Node 1), (Node 32), (Node 9), (Node 62)
✅ lookup successful for key 102
hops: 7; node_index: 182411; node_name: Node 3; peers: (Node 1), (Node 73), (Node 68), (Node 52), (Node 22), (Node 20), (Node 4)
✅ lookup successful for key 103
hops: 5; node_index: 137743; node_name: Node 97; peers: (Node 1), (Node 73), (Node 68), (Node 52), (Node 98)
✅ lookup successful for key 104
hops: 2; node_index: 242682; node_name: Node 81; peers: (Node 1), (Node 56)
✅ lookup successful for key 105
hops: 4; node_index: 512419; node_name: Node 60; peers: (Node 1), (Node 47), (Node 33), (Node 66)
✅ lookup successful for key 106
hops: 4; node_index: 543325; node_name: Node 24; peers: (Node 1), (Node 47), (Node 60), (Node 86)
✅ lookup successful for key 107
hops: 2; node_index: 743265; node_name: Node 5; peers: (Node 1), (Node 73)
✅ lookup successful for key 108
hops: 6; node_index: 38388; node_name: Node 21; peers: (Node 1), (Node 73), (Node 68), (Node 69), (Node 40), (Node 12)
✅ lookup successful for key 109
hops: 4; node_index: 562497; node_name: Node 94; peers: (Node 1), (Node 47), (Node 24), (Node 93)
✅ lookup successful for key 110
hops: 4; node_index: 443061; node_name: Node 15; peers: (Node 1), (Node 32), (Node 9), (Node 62)
✅ lookup successful for key 111
hops: 6; node_index: 32742; node_name: Node 69; peers: (Node 1), (Node 73), (Node 68), (Node 54), (Node 16), (Node 70)
✅ lookup successful for key 112
hops: 5; node_index: 137743; node_name: Node 97; peers: (Node 1), (Node 73), (Node 68), (Node 52), (Node 98)
✅ lookup successful for key 113
hops: 4; node_index: 397671; node_name: Node 57; peers: (Node 1), (Node 32), (Node 61), (Node 80)
✅ lookup successful for key 114
hops: 6; node_index: 32742; node_name: Node 69; peers: (Node 1), (Node 73), (Node 68), (Node 54), (Node 16), (Node 70)
✅ lookup successful for key 115
hops: 3; node_index: 358666; node_name: Node 2; peers: (Node 1), (Node 32), (Node 83)
✅ lookup successful for key 116
hops: 3; node_index: 1008270; node_name: Node 44; peers: (Node 1), (Node 73), (Node 68)
✅ lookup successful for key 117
hops: 7; node_index: 145977; node_name: Node 22; peers: (Node 1), (Node 73), (Node 68), (Node 52), (Node 98), (Node 97), (Node 17)
✅ lookup successful for key 118
hops: 3; node_index: 296316; node_name: Node 77; peers: (Node 1), (Node 56), (Node 18)
✅ lookup successful for key 119
hops: 5; node_index: 867657; node_name: Node 50; peers: (Node 1), (Node 73), (Node 84), (Node 25), (Node 88)
✅ lookup successful for key 120
hops: 5; node_index: 93108; node_name: Node 67; peers: (Node 1), (Node 73), (Node 68), (Node 52), (Node 89)
✅ lookup successful for key 121
hops: 4; node_index: 1032101; node_name: Node 49; peers: (Node 1), (Node 73), (Node 68), (Node 54)
✅ lookup successful for key 122
hops: 4; node_index: 443061; node_name: Node 15; peers: (Node 1), (Node 32), (Node 9), (Node 62)
✅ lookup successful for key 123
hops: 4; node_index: 849108; node_name: Node 88; peers: (Node 1), (Node 73), (Node 84), (Node 25)
✅ lookup successful for key 124
hops: 5; node_index: 624893; node_name: Node 92; peers: (Node 1), (Node 47), (Node 24), (Node 51), (Node 64)
✅ lookup successful for key 125
hops: 4; node_index: 675265; node_name: Node 78; peers: (Node 1), (Node 47), (Node 92), (Node 82)
✅ lookup successful for key 126
hops: 5; node_index: 624893; node_name: Node 92; peers: (Node 1), (Node 47), (Node 24), (Node 51), (Node 64)
✅ lookup successful for key 127
hops: 5; node_index: 867657; node_name: Node 50; peers: (Node 1), (Node 73), (Node 84), (Node 25), (Node 88)
✅ lookup successful for key 128
hops: 3; node_index: 296316; node_name: Node 77; peers: (Node 1), (Node 56), (Node 18)
✅ lookup successful for key 129
hops: 4; node_index: 827080; node_name: Node 48; peers: (Node 1), (Node 73), (Node 84), (Node 42)
✅ lookup successful for key 130
hops: 5; node_index: 624893; node_name: Node 92; peers: (Node 1), (Node 47), (Node 24), (Node 51), (Node 64)
✅ lookup successful for key 131
hops: 2; node_index: 487976; node_name: Node 33; peers: (Node 1), (Node 47)
✅ lookup successful for key 132
hops: 4; node_index: 397671; node_name: Node 57; peers: (Node 1), (Node 32), (Node 61), (Node 80)
✅ lookup successful for key 133
hops: 4; node_index: 787911; node_name: Node 59; peers: (Node 1), (Node 73), (Node 71), (Node 29)
✅ lookup successful for key 134
hops: 3; node_index: 296316; node_name: Node 77; peers: (Node 1), (Node 56), (Node 18)
✅ lookup successful for key 135
hops: 4; node_index: 596919; node_name: Node 72; peers: (Node 1), (Node 47), (Node 24), (Node 51)
✅ lookup successful for key 136
hops: 6; node_index: 32742; node_name: Node 69; peers: (Node 1), (Node 73), (Node 68), (Node 54), (Node 16), (Node 70)
✅ lookup successful for key 137
hops: 4; node_index: 543325; node_name: Node 24; peers: (Node 1), (Node 47), (Node 60), (Node 86)
✅ lookup successful for key 138
hops: 5; node_index: 932868; node_name: Node 11; peers: (Node 1), (Node 73), (Node 50), (Node 96), (Node 91)
✅ lookup successful for key 139
hops: 4; node_index: 787911; node_name: Node 59; peers: (Node 1), (Node 73), (Node 71), (Node 29)
✅ lookup successful for key 140
hops: 3; node_index: 320139; node_name: Node 41; peers: (Node 1), (Node 77), (Node 74)
✅ lookup successful for key 141
hops: 3; node_index: 296316; node_name: Node 77; peers: (Node 1), (Node 56), (Node 18)
✅ lookup successful for key 142
hops: 4; node_index: 994329; node_name: Node 68; peers: (Node 1), (Node 73), (Node 50), (Node 100)
✅ lookup successful for key 143
hops: 6; node_index: 121042; node_name: Node 98; peers: (Node 1), (Node 73), (Node 68), (Node 52), (Node 63), (Node 13)
✅ lookup successful for key 144
hops: 4; node_index: 469295; node_name: Node 47; peers: (Node 1), (Node 32), (Node 9), (Node 15)
✅ lookup successful for key 145
hops: 6; node_index: 10848; node_name: Node 70; peers: (Node 1), (Node 73), (Node 68), (Node 54), (Node 16), (Node 65)
✅ lookup successful for key 146
hops: 2; node_index: 226725; node_name: Node 56; peers: (Node 1), (Node 14)
✅ lookup successful for key 147
hops: 5; node_index: 44082; node_name: Node 35; peers: (Node 1), (Node 73), (Node 68), (Node 69), (Node 39)
✅ lookup successful for key 148
hops: 4; node_index: 315708; node_name: Node 74; peers: (Node 1), (Node 77), (Node 90), (Node 34)
✅ lookup successful for key 149
hops: 6; node_index: 32742; node_name: Node 69; peers: (Node 1), (Node 73), (Node 68), (Node 54), (Node 16), (Node 70)
✅ lookup successful for key 150
hops: 4; node_index: 675265; node_name: Node 78; peers: (Node 1), (Node 47), (Node 92), (Node 82)
✅ lookup successful for key 151
hops: 5; node_index: 932868; node_name: Node 11; peers: (Node 1), (Node 73), (Node 50), (Node 96), (Node 91)
✅ lookup successful for key 152
hops: 4; node_index: 787911; node_name: Node 59; peers: (Node 1), (Node 73), (Node 71), (Node 29)
✅ lookup successful for key 153
hops: 4; node_index: 443061; node_name: Node 15; peers: (Node 1), (Node 32), (Node 9), (Node 62)
✅ lookup successful for key 154
hops: 5; node_index: 972944; node_name: Node 100; peers: (Node 1), (Node 73), (Node 50), (Node 96), (Node 11)
✅ lookup successful for key 155
hops: 4; node_index: 417774; node_name: Node 9; peers: (Node 1), (Node 32), (Node 57), (Node 53)
✅ lookup successful for key 156
hops: 4; node_index: 562497; node_name: Node 94; peers: (Node 1), (Node 47), (Node 24), (Node 93)
✅ lookup successful for key 157
hops: 5; node_index: 624893; node_name: Node 92; peers: (Node 1), (Node 47), (Node 24), (Node 51), (Node 64)
✅ lookup successful for key 158
hops: 5; node_index: 44082; node_name: Node 35; peers: (Node 1), (Node 73), (Node 68), (Node 69), (Node 39)
✅ lookup successful for key 159
hops: 6; node_index: 1047135; node_name: Node 16; peers: (Node 1), (Node 73), (Node 68), (Node 54), (Node 7), (Node 19)
✅ lookup successful for key 160
hops: 4; node_index: 343290; node_name: Node 32; peers: (Node 1), (Node 77), (Node 74), (Node 41)
✅ lookup successful for key 161
hops: 4; node_index: 589452; node_name: Node 51; peers: (Node 1), (Node 47), (Node 24), (Node 94)
✅ lookup successful for key 162
hops: 4; node_index: 675265; node_name: Node 78; peers: (Node 1), (Node 47), (Node 92), (Node 82)
✅ lookup successful for key 163
hops: 3; node_index: 296316; node_name: Node 77; peers: (Node 1), (Node 56), (Node 18)
✅ lookup successful for key 164
hops: 4; node_index: 343290; node_name: Node 32; peers: (Node 1), (Node 77), (Node 74), (Node 41)
✅ lookup successful for key 165
hops: 3; node_index: 368725; node_name: Node 61; peers: (Node 1), (Node 32), (Node 2)
✅ lookup successful for key 166
hops: 4; node_index: 675265; node_name: Node 78; peers: (Node 1), (Node 47), (Node 92), (Node 82)
✅ lookup successful for key 167
hops: 4; node_index: 417774; node_name: Node 9; peers: (Node 1), (Node 32), (Node 57), (Node 53)
✅ lookup successful for key 168
hops: 6; node_index: 32742; node_name: Node 69; peers: (Node 1), (Node 73), (Node 68), (Node 54), (Node 16), (Node 70)
✅ lookup successful for key 169
hops: 5; node_index: 36265; node_name: Node 12; peers: (Node 1), (Node 73), (Node 68), (Node 69), (Node 40)
✅ lookup successful for key 170
hops: 6; node_index: 121042; node_name: Node 98; peers: (Node 1), (Node 73), (Node 68), (Node 52), (Node 63), (Node 13)
✅ lookup successful for key 171
hops: 3; node_index: 296316; node_name: Node 77; peers: (Node 1), (Node 56), (Node 18)
✅ lookup successful for key 172
hops: 4; node_index: 849108; node_name: Node 88; peers: (Node 1), (Node 73), (Node 84), (Node 25)
✅ lookup successful for key 173
hops: 4; node_index: 905813; node_name: Node 96; peers: (Node 1), (Node 73), (Node 50), (Node 6)
✅ lookup successful for key 174
hops: 4; node_index: 343290; node_name: Node 32; peers: (Node 1), (Node 77), (Node 74), (Node 41)
✅ lookup successful for key 175
hops: 5; node_index: 166765; node_name: Node 20; peers: (Node 1), (Node 73), (Node 68), (Node 52), (Node 22)
✅ lookup successful for key 176
hops: 3; node_index: 1008270; node_name: Node 44; peers: (Node 1), (Node 73), (Node 68)
✅ lookup successful for key 177
hops: 4; node_index: 800933; node_name: Node 84; peers: (Node 1), (Node 73), (Node 59), (Node 10)
✅ lookup successful for key 178
hops: 3; node_index: 320139; node_name: Node 41; peers: (Node 1), (Node 77), (Node 74)
✅ lookup successful for key 179
hops: 3; node_index: 1008270; node_name: Node 44; peers: (Node 1), (Node 73), (Node 68)
✅ lookup successful for key 180
hops: 4; node_index: 397671; node_name: Node 57; peers: (Node 1), (Node 32), (Node 61), (Node 80)
✅ lookup successful for key 181
hops: 3; node_index: 519537; node_name: Node 86; peers: (Node 1), (Node 47), (Node 60)
✅ lookup successful for key 182
hops: 5; node_index: 640525; node_name: Node 28; peers: (Node 1), (Node 47), (Node 92), (Node 37), (Node 75)
✅ lookup successful for key 183
hops: 4; node_index: 35039; node_name: Node 40; peers: (Node 1), (Node 73), (Node 68), (Node 69)
✅ lookup successful for key 184
hops: 3; node_index: 320139; node_name: Node 41; peers: (Node 1), (Node 77), (Node 74)
✅ lookup successful for key 185
hops: 2; node_index: 226725; node_name: Node 56; peers: (Node 1), (Node 14)
✅ lookup successful for key 186
hops: 4; node_index: 905813; node_name: Node 96; peers: (Node 1), (Node 73), (Node 50), (Node 6)
✅ lookup successful for key 187
hops: 4; node_index: 787911; node_name: Node 59; peers: (Node 1), (Node 73), (Node 71), (Node 29)
✅ lookup successful for key 188
hops: 7; node_index: 182411; node_name: Node 3; peers: (Node 1), (Node 73), (Node 68), (Node 52), (Node 22), (Node 20), (Node 4)
✅ lookup successful for key 189
hops: 6; node_index: 121042; node_name: Node 98; peers: (Node 1), (Node 73), (Node 68), (Node 52), (Node 63), (Node 13)
✅ lookup successful for key 190
hops: 3; node_index: 368725; node_name: Node 61; peers: (Node 1), (Node 32), (Node 2)
✅ lookup successful for key 191
hops: 5; node_index: 867657; node_name: Node 50; peers: (Node 1), (Node 73), (Node 84), (Node 25), (Node 88)
✅ lookup successful for key 192
hops: 4; node_index: 596919; node_name: Node 72; peers: (Node 1), (Node 47), (Node 24), (Node 51)
✅ lookup successful for key 193
hops: 6; node_index: 841502; node_name: Node 25; peers: (Node 1), (Node 73), (Node 84), (Node 42), (Node 48), (Node 58)
✅ lookup successful for key 194
hops: 2; node_index: 743265; node_name: Node 5; peers: (Node 1), (Node 73)
✅ lookup successful for key 195
hops: 6; node_index: 10848; node_name: Node 70; peers: (Node 1), (Node 73), (Node 68), (Node 54), (Node 16), (Node 65)
✅ lookup successful for key 196
hops: 5; node_index: 137743; node_name: Node 97; peers: (Node 1), (Node 73), (Node 68), (Node 52), (Node 98)
✅ lookup successful for key 197
hops: 4; node_index: 787911; node_name: Node 59; peers: (Node 1), (Node 73), (Node 71), (Node 29)
✅ lookup successful for key 198
hops: 3; node_index: 296316; node_name: Node 77; peers: (Node 1), (Node 56), (Node 18)
✅ lookup successful for key 199
hops: 4; node_index: 822044; node_name: Node 42; peers: (Node 1), (Node 73), (Node 84), (Node 45)
✅ lookup successful for key 200
hops: 5; node_index: 624893; node_name: Node 92; peers: (Node 1), (Node 47), (Node 24), (Node 51), (Node 64)
✅ lookup successful for key 201
hops: 4; node_index: 417774; node_name: Node 9; peers: (Node 1), (Node 32), (Node 57), (Node 53)
✅ lookup successful for key 202
hops: 3; node_index: 759141; node_name: Node 29; peers: (Node 1), (Node 73), (Node 71)
✅ lookup successful for key 203
hops: 4; node_index: 917272; node_name: Node 91; peers: (Node 1), (Node 73), (Node 50), (Node 96)
✅ lookup successful for key 204
hops: 5; node_index: 828750; node_name: Node 58; peers: (Node 1), (Node 73), (Node 84), (Node 42), (Node 48)
✅ lookup successful for key 205
hops: 2; node_index: 226725; node_name: Node 56; peers: (Node 1), (Node 14)
✅ lookup successful for key 206
hops: 4; node_index: 917272; node_name: Node 91; peers: (Node 1), (Node 73), (Node 50), (Node 96)
✅ lookup successful for key 207
hops: 5; node_index: 624893; node_name: Node 92; peers: (Node 1), (Node 47), (Node 24), (Node 51), (Node 64)
✅ lookup successful for key 208
hops: 5; node_index: 701252; node_name: Node 99; peers: (Node 1), (Node 47), (Node 92), (Node 82), (Node 78)
✅ lookup successful for key 209
hops: 4; node_index: 417774; node_name: Node 9; peers: (Node 1), (Node 32), (Node 57), (Node 53)
✅ lookup successful for key 210
hops: 5; node_index: 867657; node_name: Node 50; peers: (Node 1), (Node 73), (Node 84), (Node 25), (Node 88)
✅ lookup successful for key 211
hops: 3; node_index: 1008270; node_name: Node 44; peers: (Node 1), (Node 73), (Node 68)
✅ lookup successful for key 212
hops: 3; node_index: 878925; node_name: Node 85; peers: (Node 1), (Node 73), (Node 50)
✅ lookup successful for key 213
hops: 2; node_index: 487976; node_name: Node 33; peers: (Node 1), (Node 47)
✅ lookup successful for key 214
hops: 4; node_index: 905813; node_name: Node 96; peers: (Node 1), (Node 73), (Node 50), (Node 6)
✅ lookup successful for key 215
hops: 6; node_index: 32742; node_name: Node 69; peers: (Node 1), (Node 73), (Node 68), (Node 54), (Node 16), (Node 70)
✅ lookup successful for key 216
hops: 4; node_index: 787911; node_name: Node 59; peers: (Node 1), (Node 73), (Node 71), (Node 29)
✅ lookup successful for key 217
hops: 3; node_index: 754233; node_name: Node 71; peers: (Node 1), (Node 73), (Node 5)
✅ lookup successful for key 218
hops: 4; node_index: 589452; node_name: Node 51; peers: (Node 1), (Node 47), (Node 24), (Node 94)
✅ lookup successful for key 219
hops: 5; node_index: 731283; node_name: Node 73; peers: (Node 1), (Node 47), (Node 92), (Node 99), (Node 31)
✅ lookup successful for key 220
hops: 5; node_index: 137743; node_name: Node 97; peers: (Node 1), (Node 73), (Node 68), (Node 52), (Node 98)
✅ lookup successful for key 221
hops: 5; node_index: 972944; node_name: Node 100; peers: (Node 1), (Node 73), (Node 50), (Node 96), (Node 11)
✅ lookup successful for key 222
hops: 4; node_index: 905813; node_name: Node 96; peers: (Node 1), (Node 73), (Node 50), (Node 6)
✅ lookup successful for key 223
hops: 7; node_index: 78994; node_name: Node 52; peers: (Node 1), (Node 73), (Node 68), (Node 69), (Node 26), (Node 38), (Node 55)
✅ lookup successful for key 224
hops: 7; node_index: 78994; node_name: Node 52; peers: (Node 1), (Node 73), (Node 68), (Node 69), (Node 26), (Node 38), (Node 55)
✅ lookup successful for key 225
hops: 2; node_index: 242682; node_name: Node 81; peers: (Node 1), (Node 56)
✅ lookup successful for key 226
hops: 4; node_index: 800933; node_name: Node 84; peers: (Node 1), (Node 73), (Node 59), (Node 10)
✅ lookup successful for key 227
hops: 7; node_index: 145977; node_name: Node 22; peers: (Node 1), (Node 73), (Node 68), (Node 52), (Node 98), (Node 97), (Node 17)
✅ lookup successful for key 228
hops: 6; node_index: 32742; node_name: Node 69; peers: (Node 1), (Node 73), (Node 68), (Node 54), (Node 16), (Node 70)
✅ lookup successful for key 229
hops: 2; node_index: 242682; node_name: Node 81; peers: (Node 1), (Node 56)
✅ lookup successful for key 230
hops: 4; node_index: 397671; node_name: Node 57; peers: (Node 1), (Node 32), (Node 61), (Node 80)
✅ lookup successful for key 231
hops: 4; node_index: 589452; node_name: Node 51; peers: (Node 1), (Node 47), (Node 24), (Node 94)
✅ lookup successful for key 232
hops: 4; node_index: 589452; node_name: Node 51; peers: (Node 1), (Node 47), (Node 24), (Node 94)
✅ lookup successful for key 233
hops: 4; node_index: 562497; node_name: Node 94; peers: (Node 1), (Node 47), (Node 24), (Node 93)
✅ lookup successful for key 234
hops: 4; node_index: 827080; node_name: Node 48; peers: (Node 1), (Node 73), (Node 84), (Node 42)
✅ lookup successful for key 235
hops: 5; node_index: 972944; node_name: Node 100; peers: (Node 1), (Node 73), (Node 50), (Node 96), (Node 11)
✅ lookup successful for key 236
hops: 5; node_index: 166765; node_name: Node 20; peers: (Node 1), (Node 73), (Node 68), (Node 52), (Node 22)
✅ lookup successful for key 237
hops: 5; node_index: 166765; node_name: Node 20; peers: (Node 1), (Node 73), (Node 68), (Node 52), (Node 22)
✅ lookup successful for key 238
hops: 5; node_index: 701252; node_name: Node 99; peers: (Node 1), (Node 47), (Node 92), (Node 82), (Node 78)
✅ lookup successful for key 239
hops: 3; node_index: 368725; node_name: Node 61; peers: (Node 1), (Node 32), (Node 2)
✅ lookup successful for key 240
hops: 2; node_index: 487976; node_name: Node 33; peers: (Node 1), (Node 47)
✅ lookup successful for key 241
hops: 5; node_index: 701252; node_name: Node 99; peers: (Node 1), (Node 47), (Node 92), (Node 82), (Node 78)
✅ lookup successful for key 242
hops: 2; node_index: 226725; node_name: Node 56; peers: (Node 1), (Node 14)
✅ lookup successful for key 243
hops: 5; node_index: 932868; node_name: Node 11; peers: (Node 1), (Node 73), (Node 50), (Node 96), (Node 91)
✅ lookup successful for key 244
hops: 4; node_index: 543325; node_name: Node 24; peers: (Node 1), (Node 47), (Node 60), (Node 86)
✅ lookup successful for key 245
hops: 4; node_index: 917272; node_name: Node 91; peers: (Node 1), (Node 73), (Node 50), (Node 96)
✅ lookup successful for key 246
hops: 2; node_index: 226725; node_name: Node 56; peers: (Node 1), (Node 14)
✅ lookup successful for key 247
hops: 4; node_index: 787911; node_name: Node 59; peers: (Node 1), (Node 73), (Node 71), (Node 29)
✅ lookup successful for key 248
hops: 5; node_index: 972944; node_name: Node 100; peers: (Node 1), (Node 73), (Node 50), (Node 96), (Node 11)
✅ lookup successful for key 249
hops: 5; node_index: 166765; node_name: Node 20; peers: (Node 1), (Node 73), (Node 68), (Node 52), (Node 22)
✅ lookup successful for key 250
hops: 6; node_index: 121042; node_name: Node 98; peers: (Node 1), (Node 73), (Node 68), (Node 52), (Node 63), (Node 13)
✅ lookup successful for key 251
hops: 5; node_index: 701252; node_name: Node 99; peers: (Node 1), (Node 47), (Node 92), (Node 82), (Node 78)
✅ lookup successful for key 252
hops: 5; node_index: 1037792; node_name: Node 7; peers: (Node 1), (Node 73), (Node 68), (Node 54), (Node 49)
✅ lookup successful for key 253
hops: 7; node_index: 182411; node_name: Node 3; peers: (Node 1), (Node 73), (Node 68), (Node 52), (Node 22), (Node 20), (Node 4)
✅ lookup successful for key 254
hops: 3; node_index: 296316; node_name: Node 77; peers: (Node 1), (Node 56), (Node 18)
✅ lookup successful for key 255
hops: 4; node_index: 822044; node_name: Node 42; peers: (Node 1), (Node 73), (Node 84), (Node 45)
✅ lookup successful for key 256
hops: 6; node_index: 841502; node_name: Node 25; peers: (Node 1), (Node 73), (Node 84), (Node 42), (Node 48), (Node 58)
✅ lookup successful for key 257
hops: 4; node_index: 667902; node_name: Node 82; peers: (Node 1), (Node 47), (Node 92), (Node 27)
✅ lookup successful for key 258
hops: 4; node_index: 1028532; node_name: Node 54; peers: (Node 1), (Node 73), (Node 68), (Node 44)
✅ lookup successful for key 259
hops: 4; node_index: 443061; node_name: Node 15; peers: (Node 1), (Node 32), (Node 9), (Node 62)
✅ lookup successful for key 260
hops: 6; node_index: 63209; node_name: Node 55; peers: (Node 1), (Node 73), (Node 68), (Node 69), (Node 26), (Node 38)
✅ lookup successful for key 261
hops: 3; node_index: 358666; node_name: Node 2; peers: (Node 1), (Node 32), (Node 83)
✅ lookup successful for key 262
hops: 4; node_index: 822044; node_name: Node 42; peers: (Node 1), (Node 73), (Node 84), (Node 45)
✅ lookup successful for key 263
hops: 5; node_index: 972944; node_name: Node 100; peers: (Node 1), (Node 73), (Node 50), (Node 96), (Node 11)
✅ lookup successful for key 264
hops: 4; node_index: 397671; node_name: Node 57; peers: (Node 1), (Node 32), (Node 61), (Node 80)
✅ lookup successful for key 265
hops: 6; node_index: 32742; node_name: Node 69; peers: (Node 1), (Node 73), (Node 68), (Node 54), (Node 16), (Node 70)
✅ lookup successful for key 266
hops: 3; node_index: 627837; node_name: Node 87; peers: (Node 1), (Node 47), (Node 92)
✅ lookup successful for key 267
hops: 6; node_index: 32742; node_name: Node 69; peers: (Node 1), (Node 73), (Node 68), (Node 54), (Node 16), (Node 70)
✅ lookup successful for key 268
hops: 5; node_index: 972944; node_name: Node 100; peers: (Node 1), (Node 73), (Node 50), (Node 96), (Node 11)
✅ lookup successful for key 269
hops: 4; node_index: 543325; node_name: Node 24; peers: (Node 1), (Node 47), (Node 60), (Node 86)
✅ lookup successful for key 270
hops: 5; node_index: 166765; node_name: Node 20; peers: (Node 1), (Node 73), (Node 68), (Node 52), (Node 22)
✅ lookup successful for key 271
hops: 4; node_index: 905813; node_name: Node 96; peers: (Node 1), (Node 73), (Node 50), (Node 6)
✅ lookup successful for key 272
hops: 4; node_index: 905813; node_name: Node 96; peers: (Node 1), (Node 73), (Node 50), (Node 6)
✅ lookup successful for key 273
hops: 3; node_index: 627837; node_name: Node 87; peers: (Node 1), (Node 47), (Node 92)
✅ lookup successful for key 274
hops: 4; node_index: 469295; node_name: Node 47; peers: (Node 1), (Node 32), (Node 9), (Node 15)
✅ lookup successful for key 275
hops: 4; node_index: 787911; node_name: Node 59; peers: (Node 1), (Node 73), (Node 71), (Node 29)
✅ lookup successful for key 276
hops: 6; node_index: 32742; node_name: Node 69; peers: (Node 1), (Node 73), (Node 68), (Node 54), (Node 16), (Node 70)
✅ lookup successful for key 277
hops: 5; node_index: 166765; node_name: Node 20; peers: (Node 1), (Node 73), (Node 68), (Node 52), (Node 22)
✅ lookup successful for key 278
hops: 5; node_index: 624893; node_name: Node 92; peers: (Node 1), (Node 47), (Node 24), (Node 51), (Node 64)
✅ lookup successful for key 279
hops: 4; node_index: 443061; node_name: Node 15; peers: (Node 1), (Node 32), (Node 9), (Node 62)
✅ lookup successful for key 280
hops: 4; node_index: 397671; node_name: Node 57; peers: (Node 1), (Node 32), (Node 61), (Node 80)
✅ lookup successful for key 281
hops: 4; node_index: 709209; node_name: Node 8; peers: (Node 1), (Node 47), (Node 92), (Node 99)
✅ lookup successful for key 282
hops: 4; node_index: 543325; node_name: Node 24; peers: (Node 1), (Node 47), (Node 60), (Node 86)
✅ lookup successful for key 283
hops: 6; node_index: 841502; node_name: Node 25; peers: (Node 1), (Node 73), (Node 84), (Node 42), (Node 48), (Node 58)
✅ lookup successful for key 284
hops: 5; node_index: 932868; node_name: Node 11; peers: (Node 1), (Node 73), (Node 50), (Node 96), (Node 91)
✅ lookup successful for key 285
hops: 4; node_index: 994329; node_name: Node 68; peers: (Node 1), (Node 73), (Node 50), (Node 100)
✅ lookup successful for key 286
hops: 6; node_index: 1047135; node_name: Node 16; peers: (Node 1), (Node 73), (Node 68), (Node 54), (Node 7), (Node 19)
✅ lookup successful for key 287
hops: 6; node_index: 10848; node_name: Node 70; peers: (Node 1), (Node 73), (Node 68), (Node 54), (Node 16), (Node 65)
✅ lookup successful for key 288
hops: 3; node_index: 803121; node_name: Node 45; peers: (Node 1), (Node 73), (Node 84)
✅ lookup successful for key 289
hops: 2; node_index: 302219; node_name: Node 23; peers: (Node 1), (Node 77)
✅ lookup successful for key 290
hops: 4; node_index: 417774; node_name: Node 9; peers: (Node 1), (Node 32), (Node 57), (Node 53)
✅ lookup successful for key 291
hops: 5; node_index: 731283; node_name: Node 73; peers: (Node 1), (Node 47), (Node 92), (Node 99), (Node 31)
✅ lookup successful for key 292
hops: 5; node_index: 624893; node_name: Node 92; peers: (Node 1), (Node 47), (Node 24), (Node 51), (Node 64)
✅ lookup successful for key 293
hops: 5; node_index: 972944; node_name: Node 100; peers: (Node 1), (Node 73), (Node 50), (Node 96), (Node 11)
✅ lookup successful for key 294
hops: 5; node_index: 1041618; node_name: Node 19; peers: (Node 1), (Node 73), (Node 68), (Node 54), (Node 7)
✅ lookup successful for key 295
hops: 2; node_index: 226725; node_name: Node 56; peers: (Node 1), (Node 14)
✅ lookup successful for key 296
hops: 4; node_index: 822044; node_name: Node 42; peers: (Node 1), (Node 73), (Node 84), (Node 45)
✅ lookup successful for key 297
hops: 5; node_index: 624893; node_name: Node 92; peers: (Node 1), (Node 47), (Node 24), (Node 51), (Node 64)
✅ lookup successful for key 298
hops: 6; node_index: 1047135; node_name: Node 16; peers: (Node 1), (Node 73), (Node 68), (Node 54), (Node 7), (Node 19)
✅ lookup successful for key 299
hops: 4; node_index: 787911; node_name: Node 59; peers: (Node 1), (Node 73), (Node 71), (Node 29)
✅ lookup successful for key 300
summary:
  ok = 300/300
  wrong = 0/300
average hop count = 4.00
make[2]: Leaving directory '/home/mazunki/uio.git/IN5020/ass3'
make[1]: Leaving directory '/home/mazunki/uio.git/IN5020/ass3'
